c1,c2,fitness,max_iters,omega,pop_size,run,prob_mut,prob_run_ga,step_size,n_clusters
1.49618,1.49618,0.23336404415640385,200,0.55,50,1,0.02,0.1,0.2,2
1.49618,1.49618,0.17931447643870405,200,0.55,50,1,0.02,0.1,0.2,2
1.49618,1.49618,0.13716411721716618,200,0.55,50,1,0.02,0.1,0.2,2
1.49618,1.49618,0.11019417140772059,200,0.55,50,1,0.02,0.1,0.2,2
1.49618,1.49618,0.09646934711789916,200,0.55,50,1,0.02,0.1,0.2,2
1.49618,1.49618,0.08762297629487834,200,0.55,50,1,0.02,0.1,0.2,2
1.49618,1.49618,0.07747153049344699,200,0.55,50,1,0.02,0.1,0.2,2
1.49618,1.49618,0.07119939098542766,200,0.55,50,1,0.02,0.1,0.2,2
1.49618,1.49618,0.06356789637098796,200,0.55,50,1,0.02,0.1,0.2,2
1.49618,1.49618,0.05616558096069585,200,0.55,50,1,0.02,0.1,0.2,2
1.49618,1.49618,0.04819493877090798,200,0.55,50,1,0.02,0.1,0.2,2
1.49618,1.49618,0.04184751564781343,200,0.55,50,1,0.02,0.1,0.2,2
1.49618,1.49618,0.033642574856431504,200,0.55,50,1,0.02,0.1,0.2,2
1.49618,1.49618,0.030000397319967176,200,0.55,50,1,0.02,0.1,0.2,2
1.49618,1.49618,0.025923935959094688,200,0.55,50,1,0.02,0.1,0.2,2
1.49618,1.49618,0.022993679555192843,200,0.55,50,1,0.02,0.1,0.2,2
1.49618,1.49618,0.02108974945218897,200,0.55,50,1,0.02,0.1,0.2,2
1.49618,1.49618,0.019350063585025674,200,0.55,50,1,0.02,0.1,0.2,2
1.49618,1.49618,0.017101416760021824,200,0.55,50,1,0.02,0.1,0.2,2
1.49618,1.49618,0.015282069661303297,200,0.55,50,1,0.02,0.1,0.2,2
1.49618,1.49618,0.013857222984736007,200,0.55,50,1,0.02,0.1,0.2,2
1.49618,1.49618,0.012014027944253002,200,0.55,50,1,0.02,0.1,0.2,2
1.49618,1.49618,0.010865840956199007,200,0.55,50,1,0.02,0.1,0.2,2
1.49618,1.49618,0.009377023632462381,200,0.55,50,1,0.02,0.1,0.2,2
1.49618,1.49618,0.007848946166312517,200,0.55,50,1,0.02,0.1,0.2,2
1.49618,1.49618,0.006630406708257261,200,0.55,50,1,0.02,0.1,0.2,2
1.49618,1.49618,0.0057047402516734545,200,0.55,50,1,0.02,0.1,0.2,2
1.49618,1.49618,0.004957063282373855,200,0.55,50,1,0.02,0.1,0.2,2
1.49618,1.49618,0.0043791953121386385,200,0.55,50,1,0.02,0.1,0.2,2
1.49618,1.49618,0.003788012295206301,200,0.55,50,1,0.02,0.1,0.2,2
1.49618,1.49618,0.0032663557507475456,200,0.55,50,1,0.02,0.1,0.2,2
1.49618,1.49618,0.0027389331266648074,200,0.55,50,1,0.02,0.1,0.2,2
1.49618,1.49618,0.0023175433465713697,200,0.55,50,1,0.02,0.1,0.2,2
1.49618,1.49618,0.0018963470013521075,200,0.55,50,1,0.02,0.1,0.2,2
1.49618,1.49618,0.0015439792088167478,200,0.55,50,1,0.02,0.1,0.2,2
1.49618,1.49618,0.0011837895122647198,200,0.55,50,1,0.02,0.1,0.2,2
1.49618,1.49618,0.0009383715920911057,200,0.55,50,1,0.02,0.1,0.2,2
1.49618,1.49618,0.0007594079175817079,200,0.55,50,1,0.02,0.1,0.2,2
1.49618,1.49618,0.0005969223053498978,200,0.55,50,1,0.02,0.1,0.2,2
1.49618,1.49618,0.0004520212152368556,200,0.55,50,1,0.02,0.1,0.2,2
1.49618,1.49618,0.0003750720624949246,200,0.55,50,1,0.02,0.1,0.2,2
1.49618,1.49618,0.00028791663787369835,200,0.55,50,1,0.02,0.1,0.2,2
1.49618,1.49618,0.00020601222811896278,200,0.55,50,1,0.02,0.1,0.2,2
1.49618,1.49618,0.00016621827571537063,200,0.55,50,1,0.02,0.1,0.2,2
1.49618,1.49618,0.00012681225570581106,200,0.55,50,1,0.02,0.1,0.2,2
1.49618,1.49618,9.933967050909126e-05,200,0.55,50,1,0.02,0.1,0.2,2
1.49618,1.49618,8.073962574803389e-05,200,0.55,50,1,0.02,0.1,0.2,2
1.49618,1.49618,6.390265168572635e-05,200,0.55,50,1,0.02,0.1,0.2,2
1.49618,1.49618,4.970408804470393e-05,200,0.55,50,1,0.02,0.1,0.2,2
1.49618,1.49618,3.9220288032461706e-05,200,0.55,50,1,0.02,0.1,0.2,2
1.49618,1.49618,3.273381708932864e-05,200,0.55,50,1,0.02,0.1,0.2,2
1.49618,1.49618,2.6339669439208423e-05,200,0.55,50,1,0.02,0.1,0.2,2
1.49618,1.49618,2.1446604720582702e-05,200,0.55,50,1,0.02,0.1,0.2,2
1.49618,1.49618,1.7415936866789976e-05,200,0.55,50,1,0.02,0.1,0.2,2
1.49618,1.49618,1.4507149819545359e-05,200,0.55,50,1,0.02,0.1,0.2,2
1.49618,1.49618,1.0461545152411273e-05,200,0.55,50,1,0.02,0.1,0.2,2
1.49618,1.49618,8.767143225484394e-06,200,0.55,50,1,0.02,0.1,0.2,2
1.49618,1.49618,6.692191997381682e-06,200,0.55,50,1,0.02,0.1,0.2,2
1.49618,1.49618,5.667314818092781e-06,200,0.55,50,1,0.02,0.1,0.2,2
1.49618,1.49618,4.675235060451743e-06,200,0.55,50,1,0.02,0.1,0.2,2
1.49618,1.49618,3.598686269910768e-06,200,0.55,50,1,0.02,0.1,0.2,2
1.49618,1.49618,2.553779132230513e-06,200,0.55,50,1,0.02,0.1,0.2,2
1.49618,1.49618,2.060851725107135e-06,200,0.55,50,1,0.02,0.1,0.2,2
1.49618,1.49618,1.4350875554470738e-06,200,0.55,50,1,0.02,0.1,0.2,2
1.49618,1.49618,1.1148658396216334e-06,200,0.55,50,1,0.02,0.1,0.2,2
1.49618,1.49618,8.349043420485478e-07,200,0.55,50,1,0.02,0.1,0.2,2
1.49618,1.49618,6.711871910814178e-07,200,0.55,50,1,0.02,0.1,0.2,2
1.49618,1.49618,5.337322429871685e-07,200,0.55,50,1,0.02,0.1,0.2,2
1.49618,1.49618,4.0292724805069857e-07,200,0.55,50,1,0.02,0.1,0.2,2
1.49618,1.49618,3.1850635554425596e-07,200,0.55,50,1,0.02,0.1,0.2,2
1.49618,1.49618,2.5158480256793446e-07,200,0.55,50,1,0.02,0.1,0.2,2
1.49618,1.49618,1.8591195028550358e-07,200,0.55,50,1,0.02,0.1,0.2,2
1.49618,1.49618,1.419146720002379e-07,200,0.55,50,1,0.02,0.1,0.2,2
1.49618,1.49618,1.1251325190695758e-07,200,0.55,50,1,0.02,0.1,0.2,2
1.49618,1.49618,9.173373578807289e-08,200,0.55,50,1,0.02,0.1,0.2,2
1.49618,1.49618,6.672327353023924e-08,200,0.55,50,1,0.02,0.1,0.2,2
1.49618,1.49618,4.956609484449452e-08,200,0.55,50,1,0.02,0.1,0.2,2
1.49618,1.49618,3.837297776857442e-08,200,0.55,50,1,0.02,0.1,0.2,2
1.49618,1.49618,2.983745552127098e-08,200,0.55,50,1,0.02,0.1,0.2,2
1.49618,1.49618,2.370177725280288e-08,200,0.55,50,1,0.02,0.1,0.2,2
1.49618,1.49618,1.9515811374319758e-08,200,0.55,50,1,0.02,0.1,0.2,2
1.49618,1.49618,1.599077108733812e-08,200,0.55,50,1,0.02,0.1,0.2,2
1.49618,1.49618,1.324787632016462e-08,200,0.55,50,1,0.02,0.1,0.2,2
1.49618,1.49618,1.0961116984740065e-08,200,0.55,50,1,0.02,0.1,0.2,2
1.49618,1.49618,8.628882353833023e-09,200,0.55,50,1,0.02,0.1,0.2,2
1.49618,1.49618,7.223716263351745e-09,200,0.55,50,1,0.02,0.1,0.2,2
1.49618,1.49618,6.0221860026139865e-09,200,0.55,50,1,0.02,0.1,0.2,2
1.49618,1.49618,5.2903941569547076e-09,200,0.55,50,1,0.02,0.1,0.2,2
1.49618,1.49618,4.52358445437935e-09,200,0.55,50,1,0.02,0.1,0.2,2
1.49618,1.49618,3.876376082700221e-09,200,0.55,50,1,0.02,0.1,0.2,2
1.49618,1.49618,3.3631120442828115e-09,200,0.55,50,1,0.02,0.1,0.2,2
1.49618,1.49618,2.979644807020445e-09,200,0.55,50,1,0.02,0.1,0.2,2
1.49618,1.49618,2.502074385649291e-09,200,0.55,50,1,0.02,0.1,0.2,2
1.49618,1.49618,2.1403390467201745e-09,200,0.55,50,1,0.02,0.1,0.2,2
1.49618,1.49618,1.8328945462571825e-09,200,0.55,50,1,0.02,0.1,0.2,2
1.49618,1.49618,1.400884546639087e-09,200,0.55,50,1,0.02,0.1,0.2,2
1.49618,1.49618,1.1234644710077302e-09,200,0.55,50,1,0.02,0.1,0.2,2
1.49618,1.49618,9.071128162658759e-10,200,0.55,50,1,0.02,0.1,0.2,2
1.49618,1.49618,6.857751100032051e-10,200,0.55,50,1,0.02,0.1,0.2,2
1.49618,1.49618,4.592440770720693e-10,200,0.55,50,1,0.02,0.1,0.2,2
1.49618,1.49618,3.351260314865998e-10,200,0.55,50,1,0.02,0.1,0.2,2
1.49618,1.49618,2.593849038463993e-10,200,0.55,50,1,0.02,0.1,0.2,2
1.49618,1.49618,1.7703453363323903e-10,200,0.55,50,1,0.02,0.1,0.2,2
1.49618,1.49618,1.4931501109183923e-10,200,0.55,50,1,0.02,0.1,0.2,2
1.49618,1.49618,1.1407452674858671e-10,200,0.55,50,1,0.02,0.1,0.2,2
1.49618,1.49618,9.125014797060618e-11,200,0.55,50,1,0.02,0.1,0.2,2
1.49618,1.49618,7.418631227142449e-11,200,0.55,50,1,0.02,0.1,0.2,2
1.49618,1.49618,6.10694716194545e-11,200,0.55,50,1,0.02,0.1,0.2,2
1.49618,1.49618,4.7543600994354676e-11,200,0.55,50,1,0.02,0.1,0.2,2
1.49618,1.49618,3.943672676316635e-11,200,0.55,50,1,0.02,0.1,0.2,2
1.49618,1.49618,3.225189956616032e-11,200,0.55,50,1,0.02,0.1,0.2,2
1.49618,1.49618,2.5962140317181396e-11,200,0.55,50,1,0.02,0.1,0.2,2
1.49618,1.49618,2.0579519015434368e-11,200,0.55,50,1,0.02,0.1,0.2,2
1.49618,1.49618,1.7762380612522215e-11,200,0.55,50,1,0.02,0.1,0.2,2
1.49618,1.49618,1.5182880497886028e-11,200,0.55,50,1,0.02,0.1,0.2,2
1.49618,1.49618,1.3141856155188186e-11,200,0.55,50,1,0.02,0.1,0.2,2
1.49618,1.49618,1.208038738222608e-11,200,0.55,50,1,0.02,0.1,0.2,2
1.49618,1.49618,1.0830527174766969e-11,200,0.55,50,1,0.02,0.1,0.2,2
1.49618,1.49618,9.75903769221471e-12,200,0.55,50,1,0.02,0.1,0.2,2
1.49618,1.49618,8.63414409971161e-12,200,0.55,50,1,0.02,0.1,0.2,2
1.49618,1.49618,7.654754690675032e-12,200,0.55,50,1,0.02,0.1,0.2,2
1.49618,1.49618,6.8106924672355635e-12,200,0.55,50,1,0.02,0.1,0.2,2
1.49618,1.49618,5.77817205586007e-12,200,0.55,50,1,0.02,0.1,0.2,2
1.49618,1.49618,4.915110157685135e-12,200,0.55,50,1,0.02,0.1,0.2,2
1.49618,1.49618,4.248060679342192e-12,200,0.55,50,1,0.02,0.1,0.2,2
1.49618,1.49618,3.7261143055082925e-12,200,0.55,50,1,0.02,0.1,0.2,2
1.49618,1.49618,2.982037656504337e-12,200,0.55,50,1,0.02,0.1,0.2,2
1.49618,1.49618,2.504431465215694e-12,200,0.55,50,1,0.02,0.1,0.2,2
1.49618,1.49618,2.1302452410767126e-12,200,0.55,50,1,0.02,0.1,0.2,2
1.49618,1.49618,1.7638687527305825e-12,200,0.55,50,1,0.02,0.1,0.2,2
1.49618,1.49618,1.449172276577162e-12,200,0.55,50,1,0.02,0.1,0.2,2
1.49618,1.49618,1.2175315038656154e-12,200,0.55,50,1,0.02,0.1,0.2,2
1.49618,1.49618,1.0188760608051636e-12,200,0.55,50,1,0.02,0.1,0.2,2
1.49618,1.49618,8.593204675925763e-13,200,0.55,50,1,0.02,0.1,0.2,2
1.49618,1.49618,6.870944709218503e-13,200,0.55,50,1,0.02,0.1,0.2,2
1.49618,1.49618,5.486647835189463e-13,200,0.55,50,1,0.02,0.1,0.2,2
1.49618,1.49618,4.595562567672328e-13,200,0.55,50,1,0.02,0.1,0.2,2
1.49618,1.49618,3.6964561810917675e-13,200,0.55,50,1,0.02,0.1,0.2,2
1.49618,1.49618,2.8002947877473504e-13,200,0.55,50,1,0.02,0.1,0.2,2
1.49618,1.49618,2.1002439546757679e-13,200,0.55,50,1,0.02,0.1,0.2,2
1.49618,1.49618,1.539893589339141e-13,200,0.55,50,1,0.02,0.1,0.2,2
1.49618,1.49618,1.135181491087084e-13,200,0.55,50,1,0.02,0.1,0.2,2
1.49618,1.49618,7.49613314002369e-14,200,0.55,50,1,0.02,0.1,0.2,2
1.49618,1.49618,5.117065578924441e-14,200,0.55,50,1,0.02,0.1,0.2,2
1.49618,1.49618,3.746951500372994e-14,200,0.55,50,1,0.02,0.1,0.2,2
1.49618,1.49618,2.5125708393648132e-14,200,0.55,50,1,0.02,0.1,0.2,2
1.49618,1.49618,1.8540641931914596e-14,200,0.55,50,1,0.02,0.1,0.2,2
1.49618,1.49618,1.3797561012523374e-14,200,0.55,50,1,0.02,0.1,0.2,2
1.49618,1.49618,1.0286529030984312e-14,200,0.55,50,1,0.02,0.1,0.2,2
1.49618,1.49618,8.134446758140049e-15,200,0.55,50,1,0.02,0.1,0.2,2
1.49618,1.49618,6.1817162990690665e-15,200,0.55,50,1,0.02,0.1,0.2,2
1.49618,1.49618,4.91509240010743e-15,200,0.55,50,1,0.02,0.1,0.2,2
1.49618,1.49618,3.935971437086785e-15,200,0.55,50,1,0.02,0.1,0.2,2
1.49618,1.49618,3.1552339336021742e-15,200,0.55,50,1,0.02,0.1,0.2,2
1.49618,1.49618,2.5086564974271292e-15,200,0.55,50,1,0.02,0.1,0.2,2
1.49618,1.49618,1.9480662469608428e-15,200,0.55,50,1,0.02,0.1,0.2,2
1.49618,1.49618,1.444670037379805e-15,200,0.55,50,1,0.02,0.1,0.2,2
1.49618,1.49618,1.0697663731675111e-15,200,0.55,50,1,0.02,0.1,0.2,2
1.49618,1.49618,8.094173032264041e-16,200,0.55,50,1,0.02,0.1,0.2,2
1.49618,1.49618,6.297835041265365e-16,200,0.55,50,1,0.02,0.1,0.2,2
1.49618,1.49618,4.961051910392854e-16,200,0.55,50,1,0.02,0.1,0.2,2
1.49618,1.49618,3.7379729013040366e-16,200,0.55,50,1,0.02,0.1,0.2,2
1.49618,1.49618,3.055351650367315e-16,200,0.55,50,1,0.02,0.1,0.2,2
1.49618,1.49618,2.5034072704193313e-16,200,0.55,50,1,0.02,0.1,0.2,2
1.49618,1.49618,1.982937670840404e-16,200,0.55,50,1,0.02,0.1,0.2,2
1.49618,1.49618,1.5945432647518352e-16,200,0.55,50,1,0.02,0.1,0.2,2
1.49618,1.49618,1.2888743400788832e-16,200,0.55,50,1,0.02,0.1,0.2,2
1.49618,1.49618,1.0226481927885847e-16,200,0.55,50,1,0.02,0.1,0.2,2
1.49618,1.49618,8.182158886233072e-17,200,0.55,50,1,0.02,0.1,0.2,2
1.49618,1.49618,6.684044337100211e-17,200,0.55,50,1,0.02,0.1,0.2,2
1.49618,1.49618,5.3502962044803866e-17,200,0.55,50,1,0.02,0.1,0.2,2
1.49618,1.49618,4.5115947007708686e-17,200,0.55,50,1,0.02,0.1,0.2,2
1.49618,1.49618,3.9120252127715984e-17,200,0.55,50,1,0.02,0.1,0.2,2
1.49618,1.49618,3.28513701559107e-17,200,0.55,50,1,0.02,0.1,0.2,2
1.49618,1.49618,2.868615268548127e-17,200,0.55,50,1,0.02,0.1,0.2,2
1.49618,1.49618,2.242524801470662e-17,200,0.55,50,1,0.02,0.1,0.2,2
1.49618,1.49618,1.8717360502782846e-17,200,0.55,50,1,0.02,0.1,0.2,2
1.49618,1.49618,1.4565545046382143e-17,200,0.55,50,1,0.02,0.1,0.2,2
1.49618,1.49618,1.1513092869628494e-17,200,0.55,50,1,0.02,0.1,0.2,2
1.49618,1.49618,9.217412152276112e-18,200,0.55,50,1,0.02,0.1,0.2,2
1.49618,1.49618,7.351699442698347e-18,200,0.55,50,1,0.02,0.1,0.2,2
1.49618,1.49618,5.875808253306567e-18,200,0.55,50,1,0.02,0.1,0.2,2
1.49618,1.49618,4.70565652494442e-18,200,0.55,50,1,0.02,0.1,0.2,2
1.49618,1.49618,3.645665672339837e-18,200,0.55,50,1,0.02,0.1,0.2,2
1.49618,1.49618,2.9055141007388266e-18,200,0.55,50,1,0.02,0.1,0.2,2
1.49618,1.49618,2.2680546917449098e-18,200,0.55,50,1,0.02,0.1,0.2,2
1.49618,1.49618,1.7208937225091286e-18,200,0.55,50,1,0.02,0.1,0.2,2
1.49618,1.49618,1.2864857685965279e-18,200,0.55,50,1,0.02,0.1,0.2,2
1.49618,1.49618,1.0169746670791025e-18,200,0.55,50,1,0.02,0.1,0.2,2
1.49618,1.49618,7.663380950988691e-19,200,0.55,50,1,0.02,0.1,0.2,2
1.49618,1.49618,5.763327289496827e-19,200,0.55,50,1,0.02,0.1,0.2,2
1.49618,1.49618,4.540958792177982e-19,200,0.55,50,1,0.02,0.1,0.2,2
1.49618,1.49618,3.1969832483133864e-19,200,0.55,50,1,0.02,0.1,0.2,2
1.49618,1.49618,2.534539539369476e-19,200,0.55,50,1,0.02,0.1,0.2,2
1.49618,1.49618,1.9261907141527962e-19,200,0.55,50,1,0.02,0.1,0.2,2
1.49618,1.49618,1.3951756767968635e-19,200,0.55,50,1,0.02,0.1,0.2,2
1.49618,1.49618,1.0348501681673041e-19,200,0.55,50,1,0.02,0.1,0.2,2
1.49618,1.49618,7.870389548761795e-20,200,0.55,50,1,0.02,0.1,0.2,2
1.49618,1.49618,5.922389160197272e-20,200,0.55,50,1,0.02,0.1,0.2,2
1.49618,1.49618,4.4111845049511285e-20,200,0.55,50,1,0.02,0.1,0.2,2
1.49618,1.49618,0.24436145674161242,200,0.55,50,2,0.02,0.1,0.2,2
1.49618,1.49618,0.19720756083532143,200,0.55,50,2,0.02,0.1,0.2,2
1.49618,1.49618,0.17330394034915575,200,0.55,50,2,0.02,0.1,0.2,2
1.49618,1.49618,0.15917786793023148,200,0.55,50,2,0.02,0.1,0.2,2
1.49618,1.49618,0.15332541364634308,200,0.55,50,2,0.02,0.1,0.2,2
1.49618,1.49618,0.14615285317010734,200,0.55,50,2,0.02,0.1,0.2,2
1.49618,1.49618,0.14068362490359895,200,0.55,50,2,0.02,0.1,0.2,2
1.49618,1.49618,0.13828794251626622,200,0.55,50,2,0.02,0.1,0.2,2
1.49618,1.49618,0.13445622717892505,200,0.55,50,2,0.02,0.1,0.2,2
1.49618,1.49618,0.13031296413817048,200,0.55,50,2,0.02,0.1,0.2,2
1.49618,1.49618,0.12521592935245798,200,0.55,50,2,0.02,0.1,0.2,2
1.49618,1.49618,0.11945574844968443,200,0.55,50,2,0.02,0.1,0.2,2
1.49618,1.49618,0.11297054200517541,200,0.55,50,2,0.02,0.1,0.2,2
1.49618,1.49618,0.10477509343131601,200,0.55,50,2,0.02,0.1,0.2,2
1.49618,1.49618,0.09719439389962059,200,0.55,50,2,0.02,0.1,0.2,2
1.49618,1.49618,0.09051014378677612,200,0.55,50,2,0.02,0.1,0.2,2
1.49618,1.49618,0.08407946441595542,200,0.55,50,2,0.02,0.1,0.2,2
1.49618,1.49618,0.07907342697597586,200,0.55,50,2,0.02,0.1,0.2,2
1.49618,1.49618,0.07525227240406168,200,0.55,50,2,0.02,0.1,0.2,2
1.49618,1.49618,0.07002376516639114,200,0.55,50,2,0.02,0.1,0.2,2
1.49618,1.49618,0.06631487909909546,200,0.55,50,2,0.02,0.1,0.2,2
1.49618,1.49618,0.060625028120066204,200,0.55,50,2,0.02,0.1,0.2,2
1.49618,1.49618,0.05607472467966609,200,0.55,50,2,0.02,0.1,0.2,2
1.49618,1.49618,0.052005549734058,200,0.55,50,2,0.02,0.1,0.2,2
1.49618,1.49618,0.04846355259048045,200,0.55,50,2,0.02,0.1,0.2,2
1.49618,1.49618,0.04477548726454928,200,0.55,50,2,0.02,0.1,0.2,2
1.49618,1.49618,0.040814531195624,200,0.55,50,2,0.02,0.1,0.2,2
1.49618,1.49618,0.03702699913035934,200,0.55,50,2,0.02,0.1,0.2,2
1.49618,1.49618,0.033754002991170574,200,0.55,50,2,0.02,0.1,0.2,2
1.49618,1.49618,0.030329886933648045,200,0.55,50,2,0.02,0.1,0.2,2
1.49618,1.49618,0.02732486208490701,200,0.55,50,2,0.02,0.1,0.2,2
1.49618,1.49618,0.02475280427928795,200,0.55,50,2,0.02,0.1,0.2,2
1.49618,1.49618,0.021813942231463126,200,0.55,50,2,0.02,0.1,0.2,2
1.49618,1.49618,0.019369006252540254,200,0.55,50,2,0.02,0.1,0.2,2
1.49618,1.49618,0.017298373640363757,200,0.55,50,2,0.02,0.1,0.2,2
1.49618,1.49618,0.014932959051747345,200,0.55,50,2,0.02,0.1,0.2,2
1.49618,1.49618,0.012584447439446578,200,0.55,50,2,0.02,0.1,0.2,2
1.49618,1.49618,0.010700205658898313,200,0.55,50,2,0.02,0.1,0.2,2
1.49618,1.49618,0.008376054133780175,200,0.55,50,2,0.02,0.1,0.2,2
1.49618,1.49618,0.006763576746192469,200,0.55,50,2,0.02,0.1,0.2,2
1.49618,1.49618,0.005143908517068217,200,0.55,50,2,0.02,0.1,0.2,2
1.49618,1.49618,0.004282446214551895,200,0.55,50,2,0.02,0.1,0.2,2
1.49618,1.49618,0.003213867573575097,200,0.55,50,2,0.02,0.1,0.2,2
1.49618,1.49618,0.0025350822773598392,200,0.55,50,2,0.02,0.1,0.2,2
1.49618,1.49618,0.001945265189995617,200,0.55,50,2,0.02,0.1,0.2,2
1.49618,1.49618,0.0015945655511531347,200,0.55,50,2,0.02,0.1,0.2,2
1.49618,1.49618,0.0012765289430154796,200,0.55,50,2,0.02,0.1,0.2,2
1.49618,1.49618,0.0010298930857353253,200,0.55,50,2,0.02,0.1,0.2,2
1.49618,1.49618,0.000823004482528083,200,0.55,50,2,0.02,0.1,0.2,2
1.49618,1.49618,0.0006652446152719844,200,0.55,50,2,0.02,0.1,0.2,2
1.49618,1.49618,0.0005361186144024803,200,0.55,50,2,0.02,0.1,0.2,2
1.49618,1.49618,0.0004426426998050365,200,0.55,50,2,0.02,0.1,0.2,2
1.49618,1.49618,0.00034911316395823595,200,0.55,50,2,0.02,0.1,0.2,2
1.49618,1.49618,0.00028895486769961465,200,0.55,50,2,0.02,0.1,0.2,2
1.49618,1.49618,0.00023430016474133454,200,0.55,50,2,0.02,0.1,0.2,2
1.49618,1.49618,0.00019629741263298625,200,0.55,50,2,0.02,0.1,0.2,2
1.49618,1.49618,0.0001558607762848435,200,0.55,50,2,0.02,0.1,0.2,2
1.49618,1.49618,0.0001154382294033317,200,0.55,50,2,0.02,0.1,0.2,2
1.49618,1.49618,9.425682966070125e-05,200,0.55,50,2,0.02,0.1,0.2,2
1.49618,1.49618,7.325287792287857e-05,200,0.55,50,2,0.02,0.1,0.2,2
1.49618,1.49618,5.995383216418366e-05,200,0.55,50,2,0.02,0.1,0.2,2
1.49618,1.49618,4.599515415254475e-05,200,0.55,50,2,0.02,0.1,0.2,2
1.49618,1.49618,3.8291616745760565e-05,200,0.55,50,2,0.02,0.1,0.2,2
1.49618,1.49618,3.1476445543157484e-05,200,0.55,50,2,0.02,0.1,0.2,2
1.49618,1.49618,2.563647870757465e-05,200,0.55,50,2,0.02,0.1,0.2,2
1.49618,1.49618,1.9076438235119873e-05,200,0.55,50,2,0.02,0.1,0.2,2
1.49618,1.49618,1.511331166542884e-05,200,0.55,50,2,0.02,0.1,0.2,2
1.49618,1.49618,1.2257109669929e-05,200,0.55,50,2,0.02,0.1,0.2,2
1.49618,1.49618,9.608553302666767e-06,200,0.55,50,2,0.02,0.1,0.2,2
1.49618,1.49618,7.3407113664637774e-06,200,0.55,50,2,0.02,0.1,0.2,2
1.49618,1.49618,6.125978928177585e-06,200,0.55,50,2,0.02,0.1,0.2,2
1.49618,1.49618,5.030820118853758e-06,200,0.55,50,2,0.02,0.1,0.2,2
1.49618,1.49618,4.261651649528567e-06,200,0.55,50,2,0.02,0.1,0.2,2
1.49618,1.49618,3.550091785420029e-06,200,0.55,50,2,0.02,0.1,0.2,2
1.49618,1.49618,3.0956792288117035e-06,200,0.55,50,2,0.02,0.1,0.2,2
1.49618,1.49618,2.6144520219718856e-06,200,0.55,50,2,0.02,0.1,0.2,2
1.49618,1.49618,2.3205389518219214e-06,200,0.55,50,2,0.02,0.1,0.2,2
1.49618,1.49618,1.8748731764806035e-06,200,0.55,50,2,0.02,0.1,0.2,2
1.49618,1.49618,1.6075851467904537e-06,200,0.55,50,2,0.02,0.1,0.2,2
1.49618,1.49618,1.3783570066172186e-06,200,0.55,50,2,0.02,0.1,0.2,2
1.49618,1.49618,1.2183354799313166e-06,200,0.55,50,2,0.02,0.1,0.2,2
1.49618,1.49618,1.0715395231147824e-06,200,0.55,50,2,0.02,0.1,0.2,2
1.49618,1.49618,9.515587185223011e-07,200,0.55,50,2,0.02,0.1,0.2,2
1.49618,1.49618,8.41965592943373e-07,200,0.55,50,2,0.02,0.1,0.2,2
1.49618,1.49618,7.307176792559452e-07,200,0.55,50,2,0.02,0.1,0.2,2
1.49618,1.49618,6.396046237970226e-07,200,0.55,50,2,0.02,0.1,0.2,2
1.49618,1.49618,5.655592244574021e-07,200,0.55,50,2,0.02,0.1,0.2,2
1.49618,1.49618,5.022723877628126e-07,200,0.55,50,2,0.02,0.1,0.2,2
1.49618,1.49618,4.505475703346724e-07,200,0.55,50,2,0.02,0.1,0.2,2
1.49618,1.49618,3.944599349232384e-07,200,0.55,50,2,0.02,0.1,0.2,2
1.49618,1.49618,3.4256139542305415e-07,200,0.55,50,2,0.02,0.1,0.2,2
1.49618,1.49618,3.1739329819499854e-07,200,0.55,50,2,0.02,0.1,0.2,2
1.49618,1.49618,2.8804019072079855e-07,200,0.55,50,2,0.02,0.1,0.2,2
1.49618,1.49618,2.640765841992696e-07,200,0.55,50,2,0.02,0.1,0.2,2
1.49618,1.49618,2.3602825003582826e-07,200,0.55,50,2,0.02,0.1,0.2,2
1.49618,1.49618,2.145599263324108e-07,200,0.55,50,2,0.02,0.1,0.2,2
1.49618,1.49618,1.871031232522103e-07,200,0.55,50,2,0.02,0.1,0.2,2
1.49618,1.49618,1.6099478740017125e-07,200,0.55,50,2,0.02,0.1,0.2,2
1.49618,1.49618,1.3536173071756747e-07,200,0.55,50,2,0.02,0.1,0.2,2
1.49618,1.49618,1.2113180221599986e-07,200,0.55,50,2,0.02,0.1,0.2,2
1.49618,1.49618,1.0864619328235138e-07,200,0.55,50,2,0.02,0.1,0.2,2
1.49618,1.49618,1.0026708420457169e-07,200,0.55,50,2,0.02,0.1,0.2,2
1.49618,1.49618,9.144976338842368e-08,200,0.55,50,2,0.02,0.1,0.2,2
1.49618,1.49618,8.136987359148722e-08,200,0.55,50,2,0.02,0.1,0.2,2
1.49618,1.49618,7.150904828777374e-08,200,0.55,50,2,0.02,0.1,0.2,2
1.49618,1.49618,6.260456367942502e-08,200,0.55,50,2,0.02,0.1,0.2,2
1.49618,1.49618,5.418592752957562e-08,200,0.55,50,2,0.02,0.1,0.2,2
1.49618,1.49618,4.7727271024454925e-08,200,0.55,50,2,0.02,0.1,0.2,2
1.49618,1.49618,4.199621347256989e-08,200,0.55,50,2,0.02,0.1,0.2,2
1.49618,1.49618,3.601932328034364e-08,200,0.55,50,2,0.02,0.1,0.2,2
1.49618,1.49618,3.019564992441279e-08,200,0.55,50,2,0.02,0.1,0.2,2
1.49618,1.49618,2.569379208974942e-08,200,0.55,50,2,0.02,0.1,0.2,2
1.49618,1.49618,2.135875015896323e-08,200,0.55,50,2,0.02,0.1,0.2,2
1.49618,1.49618,1.7415384502116748e-08,200,0.55,50,2,0.02,0.1,0.2,2
1.49618,1.49618,1.4966139258495415e-08,200,0.55,50,2,0.02,0.1,0.2,2
1.49618,1.49618,1.294197679814645e-08,200,0.55,50,2,0.02,0.1,0.2,2
1.49618,1.49618,1.1023818356104643e-08,200,0.55,50,2,0.02,0.1,0.2,2
1.49618,1.49618,9.098224548931807e-09,200,0.55,50,2,0.02,0.1,0.2,2
1.49618,1.49618,7.859100462449855e-09,200,0.55,50,2,0.02,0.1,0.2,2
1.49618,1.49618,6.658371644870233e-09,200,0.55,50,2,0.02,0.1,0.2,2
1.49618,1.49618,5.616485734964712e-09,200,0.55,50,2,0.02,0.1,0.2,2
1.49618,1.49618,4.7564410754660965e-09,200,0.55,50,2,0.02,0.1,0.2,2
1.49618,1.49618,3.906985917626734e-09,200,0.55,50,2,0.02,0.1,0.2,2
1.49618,1.49618,3.217690360475866e-09,200,0.55,50,2,0.02,0.1,0.2,2
1.49618,1.49618,2.68295316375482e-09,200,0.55,50,2,0.02,0.1,0.2,2
1.49618,1.49618,2.260574391420592e-09,200,0.55,50,2,0.02,0.1,0.2,2
1.49618,1.49618,1.9247484382081933e-09,200,0.55,50,2,0.02,0.1,0.2,2
1.49618,1.49618,1.6597376242894746e-09,200,0.55,50,2,0.02,0.1,0.2,2
1.49618,1.49618,1.3953508199143395e-09,200,0.55,50,2,0.02,0.1,0.2,2
1.49618,1.49618,1.1922369707378374e-09,200,0.55,50,2,0.02,0.1,0.2,2
1.49618,1.49618,1.0306224591845274e-09,200,0.55,50,2,0.02,0.1,0.2,2
1.49618,1.49618,8.705613516626254e-10,200,0.55,50,2,0.02,0.1,0.2,2
1.49618,1.49618,6.813880829551879e-10,200,0.55,50,2,0.02,0.1,0.2,2
1.49618,1.49618,5.656366693136018e-10,200,0.55,50,2,0.02,0.1,0.2,2
1.49618,1.49618,4.452448817704903e-10,200,0.55,50,2,0.02,0.1,0.2,2
1.49618,1.49618,3.396614031962386e-10,200,0.55,50,2,0.02,0.1,0.2,2
1.49618,1.49618,2.712340032319815e-10,200,0.55,50,2,0.02,0.1,0.2,2
1.49618,1.49618,2.2157731816968934e-10,200,0.55,50,2,0.02,0.1,0.2,2
1.49618,1.49618,1.786248976956335e-10,200,0.55,50,2,0.02,0.1,0.2,2
1.49618,1.49618,1.3741135361498663e-10,200,0.55,50,2,0.02,0.1,0.2,2
1.49618,1.49618,1.144992425221068e-10,200,0.55,50,2,0.02,0.1,0.2,2
1.49618,1.49618,8.991023049099345e-11,200,0.55,50,2,0.02,0.1,0.2,2
1.49618,1.49618,7.42150121670003e-11,200,0.55,50,2,0.02,0.1,0.2,2
1.49618,1.49618,6.133252443467976e-11,200,0.55,50,2,0.02,0.1,0.2,2
1.49618,1.49618,4.892696780304693e-11,200,0.55,50,2,0.02,0.1,0.2,2
1.49618,1.49618,3.7809366738357e-11,200,0.55,50,2,0.02,0.1,0.2,2
1.49618,1.49618,2.951159898345535e-11,200,0.55,50,2,0.02,0.1,0.2,2
1.49618,1.49618,2.2319270584031746e-11,200,0.55,50,2,0.02,0.1,0.2,2
1.49618,1.49618,1.651560234685745e-11,200,0.55,50,2,0.02,0.1,0.2,2
1.49618,1.49618,1.275320694319823e-11,200,0.55,50,2,0.02,0.1,0.2,2
1.49618,1.49618,1.0121881684749507e-11,200,0.55,50,2,0.02,0.1,0.2,2
1.49618,1.49618,7.065520795920165e-12,200,0.55,50,2,0.02,0.1,0.2,2
1.49618,1.49618,5.5115802018740834e-12,200,0.55,50,2,0.02,0.1,0.2,2
1.49618,1.49618,4.0562737886837276e-12,200,0.55,50,2,0.02,0.1,0.2,2
1.49618,1.49618,3.0731870437446482e-12,200,0.55,50,2,0.02,0.1,0.2,2
1.49618,1.49618,2.2403662336084047e-12,200,0.55,50,2,0.02,0.1,0.2,2
1.49618,1.49618,1.7412734197092741e-12,200,0.55,50,2,0.02,0.1,0.2,2
1.49618,1.49618,1.335048303909553e-12,200,0.55,50,2,0.02,0.1,0.2,2
1.49618,1.49618,9.890172919641264e-13,200,0.55,50,2,0.02,0.1,0.2,2
1.49618,1.49618,7.599064537589795e-13,200,0.55,50,2,0.02,0.1,0.2,2
1.49618,1.49618,6.174467529579593e-13,200,0.55,50,2,0.02,0.1,0.2,2
1.49618,1.49618,4.942228489244556e-13,200,0.55,50,2,0.02,0.1,0.2,2
1.49618,1.49618,3.74301342659164e-13,200,0.55,50,2,0.02,0.1,0.2,2
1.49618,1.49618,2.892946203723019e-13,200,0.55,50,2,0.02,0.1,0.2,2
1.49618,1.49618,2.220849777832775e-13,200,0.55,50,2,0.02,0.1,0.2,2
1.49618,1.49618,1.6698921190385138e-13,200,0.55,50,2,0.02,0.1,0.2,2
1.49618,1.49618,1.3136973361714004e-13,200,0.55,50,2,0.02,0.1,0.2,2
1.49618,1.49618,9.855769845316888e-14,200,0.55,50,2,0.02,0.1,0.2,2
1.49618,1.49618,7.236968051389488e-14,200,0.55,50,2,0.02,0.1,0.2,2
1.49618,1.49618,5.5222132445136366e-14,200,0.55,50,2,0.02,0.1,0.2,2
1.49618,1.49618,4.2843861865751256e-14,200,0.55,50,2,0.02,0.1,0.2,2
1.49618,1.49618,3.049144539956312e-14,200,0.55,50,2,0.02,0.1,0.2,2
1.49618,1.49618,2.409365823653716e-14,200,0.55,50,2,0.02,0.1,0.2,2
1.49618,1.49618,1.9415248854349488e-14,200,0.55,50,2,0.02,0.1,0.2,2
1.49618,1.49618,1.4339007349007546e-14,200,0.55,50,2,0.02,0.1,0.2,2
1.49618,1.49618,1.1653831141897095e-14,200,0.55,50,2,0.02,0.1,0.2,2
1.49618,1.49618,9.3640111073779e-15,200,0.55,50,2,0.02,0.1,0.2,2
1.49618,1.49618,6.953600550489322e-15,200,0.55,50,2,0.02,0.1,0.2,2
1.49618,1.49618,5.653776665713259e-15,200,0.55,50,2,0.02,0.1,0.2,2
1.49618,1.49618,4.3482264709620134e-15,200,0.55,50,2,0.02,0.1,0.2,2
1.49618,1.49618,3.24443648243718e-15,200,0.55,50,2,0.02,0.1,0.2,2
1.49618,1.49618,2.6848412018787025e-15,200,0.55,50,2,0.02,0.1,0.2,2
1.49618,1.49618,2.0257482077287824e-15,200,0.55,50,2,0.02,0.1,0.2,2
1.49618,1.49618,1.5082589562793385e-15,200,0.55,50,2,0.02,0.1,0.2,2
1.49618,1.49618,1.1547075621002765e-15,200,0.55,50,2,0.02,0.1,0.2,2
1.49618,1.49618,8.559087445014297e-16,200,0.55,50,2,0.02,0.1,0.2,2
1.49618,1.49618,6.693006359581871e-16,200,0.55,50,2,0.02,0.1,0.2,2
1.49618,1.49618,5.412391016821269e-16,200,0.55,50,2,0.02,0.1,0.2,2
1.49618,1.49618,4.287753804254943e-16,200,0.55,50,2,0.02,0.1,0.2,2
1.49618,1.49618,3.2750142992744574e-16,200,0.55,50,2,0.02,0.1,0.2,2
1.49618,1.49618,2.724780833317023e-16,200,0.55,50,2,0.02,0.1,0.2,2
1.49618,1.49618,2.0824321210604791e-16,200,0.55,50,2,0.02,0.1,0.2,2
1.49618,1.49618,1.6613430620840126e-16,200,0.55,50,2,0.02,0.1,0.2,2
1.49618,1.49618,1.2043294878054982e-16,200,0.55,50,2,0.02,0.1,0.2,2
1.49618,1.49618,9.482563244735793e-17,200,0.55,50,2,0.02,0.1,0.2,2
1.49618,1.49618,7.177314548148392e-17,200,0.55,50,2,0.02,0.1,0.2,2
1.49618,1.49618,5.050422906913562e-17,200,0.55,50,2,0.02,0.1,0.2,2
1.49618,1.49618,3.7461431687179476e-17,200,0.55,50,2,0.02,0.1,0.2,2
1.49618,1.49618,2.7349287733471325e-17,200,0.55,50,2,0.02,0.1,0.2,2
1.49618,1.49618,2.005918570940613e-17,200,0.55,50,2,0.02,0.1,0.2,2
1.49618,1.49618,0.22624771241631905,200,0.55,50,3,0.02,0.1,0.2,2
1.49618,1.49618,0.1758597448564245,200,0.55,50,3,0.02,0.1,0.2,2
1.49618,1.49618,0.15515779924203882,200,0.55,50,3,0.02,0.1,0.2,2
1.49618,1.49618,0.13724760852732606,200,0.55,50,3,0.02,0.1,0.2,2
1.49618,1.49618,0.1272685995304186,200,0.55,50,3,0.02,0.1,0.2,2
1.49618,1.49618,0.11300349639285723,200,0.55,50,3,0.02,0.1,0.2,2
1.49618,1.49618,0.10654176843767216,200,0.55,50,3,0.02,0.1,0.2,2
1.49618,1.49618,0.08683129703683681,200,0.55,50,3,0.02,0.1,0.2,2
1.49618,1.49618,0.08224133935397433,200,0.55,50,3,0.02,0.1,0.2,2
1.49618,1.49618,0.07642867293669532,200,0.55,50,3,0.02,0.1,0.2,2
1.49618,1.49618,0.06897337114941464,200,0.55,50,3,0.02,0.1,0.2,2
1.49618,1.49618,0.06364356186379805,200,0.55,50,3,0.02,0.1,0.2,2
1.49618,1.49618,0.05702569237026643,200,0.55,50,3,0.02,0.1,0.2,2
1.49618,1.49618,0.0523962816428194,200,0.55,50,3,0.02,0.1,0.2,2
1.49618,1.49618,0.047436260326221655,200,0.55,50,3,0.02,0.1,0.2,2
1.49618,1.49618,0.04194655131005358,200,0.55,50,3,0.02,0.1,0.2,2
1.49618,1.49618,0.038048496956209085,200,0.55,50,3,0.02,0.1,0.2,2
1.49618,1.49618,0.03406867755914119,200,0.55,50,3,0.02,0.1,0.2,2
1.49618,1.49618,0.030847128985017458,200,0.55,50,3,0.02,0.1,0.2,2
1.49618,1.49618,0.02734419103858607,200,0.55,50,3,0.02,0.1,0.2,2
1.49618,1.49618,0.025202269605518295,200,0.55,50,3,0.02,0.1,0.2,2
1.49618,1.49618,0.02290158286330907,200,0.55,50,3,0.02,0.1,0.2,2
1.49618,1.49618,0.021354048158373433,200,0.55,50,3,0.02,0.1,0.2,2
1.49618,1.49618,0.019928138256809766,200,0.55,50,3,0.02,0.1,0.2,2
1.49618,1.49618,0.018459793595584032,200,0.55,50,3,0.02,0.1,0.2,2
1.49618,1.49618,0.01758670242206088,200,0.55,50,3,0.02,0.1,0.2,2
1.49618,1.49618,0.016211005760469438,200,0.55,50,3,0.02,0.1,0.2,2
1.49618,1.49618,0.015215184203063259,200,0.55,50,3,0.02,0.1,0.2,2
1.49618,1.49618,0.014057487985354711,200,0.55,50,3,0.02,0.1,0.2,2
1.49618,1.49618,0.01296413638570484,200,0.55,50,3,0.02,0.1,0.2,2
1.49618,1.49618,0.011495466293014338,200,0.55,50,3,0.02,0.1,0.2,2
1.49618,1.49618,0.010542710154578394,200,0.55,50,3,0.02,0.1,0.2,2
1.49618,1.49618,0.009789887675083939,200,0.55,50,3,0.02,0.1,0.2,2
1.49618,1.49618,0.00926486094206087,200,0.55,50,3,0.02,0.1,0.2,2
1.49618,1.49618,0.008228615425990684,200,0.55,50,3,0.02,0.1,0.2,2
1.49618,1.49618,0.007545236620311669,200,0.55,50,3,0.02,0.1,0.2,2
1.49618,1.49618,0.00688663851483013,200,0.55,50,3,0.02,0.1,0.2,2
1.49618,1.49618,0.006314918209698851,200,0.55,50,3,0.02,0.1,0.2,2
1.49618,1.49618,0.005886924252299606,200,0.55,50,3,0.02,0.1,0.2,2
1.49618,1.49618,0.0056602835220015925,200,0.55,50,3,0.02,0.1,0.2,2
1.49618,1.49618,0.005432942868939918,200,0.55,50,3,0.02,0.1,0.2,2
1.49618,1.49618,0.005197875277791214,200,0.55,50,3,0.02,0.1,0.2,2
1.49618,1.49618,0.005095821491820735,200,0.55,50,3,0.02,0.1,0.2,2
1.49618,1.49618,0.004876141651868544,200,0.55,50,3,0.02,0.1,0.2,2
1.49618,1.49618,0.004638461654286169,200,0.55,50,3,0.02,0.1,0.2,2
1.49618,1.49618,0.004432623809835745,200,0.55,50,3,0.02,0.1,0.2,2
1.49618,1.49618,0.004292314770600163,200,0.55,50,3,0.02,0.1,0.2,2
1.49618,1.49618,0.004124882339667846,200,0.55,50,3,0.02,0.1,0.2,2
1.49618,1.49618,0.0039895771202304395,200,0.55,50,3,0.02,0.1,0.2,2
1.49618,1.49618,0.0037498245408254614,200,0.55,50,3,0.02,0.1,0.2,2
1.49618,1.49618,0.003581423930288051,200,0.55,50,3,0.02,0.1,0.2,2
1.49618,1.49618,0.003343748228878745,200,0.55,50,3,0.02,0.1,0.2,2
1.49618,1.49618,0.003126903899825038,200,0.55,50,3,0.02,0.1,0.2,2
1.49618,1.49618,0.0029847892912222202,200,0.55,50,3,0.02,0.1,0.2,2
1.49618,1.49618,0.00275714636865476,200,0.55,50,3,0.02,0.1,0.2,2
1.49618,1.49618,0.002567414559174697,200,0.55,50,3,0.02,0.1,0.2,2
1.49618,1.49618,0.0024221797200789873,200,0.55,50,3,0.02,0.1,0.2,2
1.49618,1.49618,0.002233498060656681,200,0.55,50,3,0.02,0.1,0.2,2
1.49618,1.49618,0.002102557390032453,200,0.55,50,3,0.02,0.1,0.2,2
1.49618,1.49618,0.0019355401500887077,200,0.55,50,3,0.02,0.1,0.2,2
1.49618,1.49618,0.0018149728909487102,200,0.55,50,3,0.02,0.1,0.2,2
1.49618,1.49618,0.0016963883540325646,200,0.55,50,3,0.02,0.1,0.2,2
1.49618,1.49618,0.001564857567069412,200,0.55,50,3,0.02,0.1,0.2,2
1.49618,1.49618,0.0013857907834450166,200,0.55,50,3,0.02,0.1,0.2,2
1.49618,1.49618,0.001257726078314235,200,0.55,50,3,0.02,0.1,0.2,2
1.49618,1.49618,0.001165612876836906,200,0.55,50,3,0.02,0.1,0.2,2
1.49618,1.49618,0.0010826975463876934,200,0.55,50,3,0.02,0.1,0.2,2
1.49618,1.49618,0.0010063665653515358,200,0.55,50,3,0.02,0.1,0.2,2
1.49618,1.49618,0.0009571624408440706,200,0.55,50,3,0.02,0.1,0.2,2
1.49618,1.49618,0.0008809808384151771,200,0.55,50,3,0.02,0.1,0.2,2
1.49618,1.49618,0.0008047007796793462,200,0.55,50,3,0.02,0.1,0.2,2
1.49618,1.49618,0.000742925836947567,200,0.55,50,3,0.02,0.1,0.2,2
1.49618,1.49618,0.0006805671881222938,200,0.55,50,3,0.02,0.1,0.2,2
1.49618,1.49618,0.0006273125712166427,200,0.55,50,3,0.02,0.1,0.2,2
1.49618,1.49618,0.0005474871804071326,200,0.55,50,3,0.02,0.1,0.2,2
1.49618,1.49618,0.0004925622188661501,200,0.55,50,3,0.02,0.1,0.2,2
1.49618,1.49618,0.00044119523706730114,200,0.55,50,3,0.02,0.1,0.2,2
1.49618,1.49618,0.00037755778990719,200,0.55,50,3,0.02,0.1,0.2,2
1.49618,1.49618,0.00033122443096366127,200,0.55,50,3,0.02,0.1,0.2,2
1.49618,1.49618,0.0002817452981452442,200,0.55,50,3,0.02,0.1,0.2,2
1.49618,1.49618,0.0002396379252097461,200,0.55,50,3,0.02,0.1,0.2,2
1.49618,1.49618,0.00020808108892814717,200,0.55,50,3,0.02,0.1,0.2,2
1.49618,1.49618,0.0001762980876955874,200,0.55,50,3,0.02,0.1,0.2,2
1.49618,1.49618,0.00015032346247654356,200,0.55,50,3,0.02,0.1,0.2,2
1.49618,1.49618,0.00012624869724971676,200,0.55,50,3,0.02,0.1,0.2,2
1.49618,1.49618,0.00011066057566758097,200,0.55,50,3,0.02,0.1,0.2,2
1.49618,1.49618,9.48419427267712e-05,200,0.55,50,3,0.02,0.1,0.2,2
1.49618,1.49618,8.249981069737048e-05,200,0.55,50,3,0.02,0.1,0.2,2
1.49618,1.49618,6.93405613435937e-05,200,0.55,50,3,0.02,0.1,0.2,2
1.49618,1.49618,6.0334086935216135e-05,200,0.55,50,3,0.02,0.1,0.2,2
1.49618,1.49618,4.876270461755405e-05,200,0.55,50,3,0.02,0.1,0.2,2
1.49618,1.49618,4.040361103031974e-05,200,0.55,50,3,0.02,0.1,0.2,2
1.49618,1.49618,3.255236142686558e-05,200,0.55,50,3,0.02,0.1,0.2,2
1.49618,1.49618,2.772004435815957e-05,200,0.55,50,3,0.02,0.1,0.2,2
1.49618,1.49618,2.190507046689288e-05,200,0.55,50,3,0.02,0.1,0.2,2
1.49618,1.49618,1.7416683218227402e-05,200,0.55,50,3,0.02,0.1,0.2,2
1.49618,1.49618,1.4242382628212524e-05,200,0.55,50,3,0.02,0.1,0.2,2
1.49618,1.49618,1.1730184017154826e-05,200,0.55,50,3,0.02,0.1,0.2,2
1.49618,1.49618,9.049006522126705e-06,200,0.55,50,3,0.02,0.1,0.2,2
1.49618,1.49618,7.054464515566961e-06,200,0.55,50,3,0.02,0.1,0.2,2
1.49618,1.49618,5.508624081656763e-06,200,0.55,50,3,0.02,0.1,0.2,2
1.49618,1.49618,4.318394887337011e-06,200,0.55,50,3,0.02,0.1,0.2,2
1.49618,1.49618,3.303967079495965e-06,200,0.55,50,3,0.02,0.1,0.2,2
1.49618,1.49618,2.5488185353336057e-06,200,0.55,50,3,0.02,0.1,0.2,2
1.49618,1.49618,1.9490265213645294e-06,200,0.55,50,3,0.02,0.1,0.2,2
1.49618,1.49618,1.4072311087679788e-06,200,0.55,50,3,0.02,0.1,0.2,2
1.49618,1.49618,9.807515809620288e-07,200,0.55,50,3,0.02,0.1,0.2,2
1.49618,1.49618,7.682528973235209e-07,200,0.55,50,3,0.02,0.1,0.2,2
1.49618,1.49618,5.653598816750567e-07,200,0.55,50,3,0.02,0.1,0.2,2
1.49618,1.49618,4.041440275228838e-07,200,0.55,50,3,0.02,0.1,0.2,2
1.49618,1.49618,3.013136359132546e-07,200,0.55,50,3,0.02,0.1,0.2,2
1.49618,1.49618,2.337284070542064e-07,200,0.55,50,3,0.02,0.1,0.2,2
1.49618,1.49618,1.6905899305805202e-07,200,0.55,50,3,0.02,0.1,0.2,2
1.49618,1.49618,1.3219274150359959e-07,200,0.55,50,3,0.02,0.1,0.2,2
1.49618,1.49618,1.0080206137600895e-07,200,0.55,50,3,0.02,0.1,0.2,2
1.49618,1.49618,7.94871345371148e-08,200,0.55,50,3,0.02,0.1,0.2,2
1.49618,1.49618,6.177129595361681e-08,200,0.55,50,3,0.02,0.1,0.2,2
1.49618,1.49618,4.776161069605024e-08,200,0.55,50,3,0.02,0.1,0.2,2
1.49618,1.49618,3.753956748308906e-08,200,0.55,50,3,0.02,0.1,0.2,2
1.49618,1.49618,3.042914270458277e-08,200,0.55,50,3,0.02,0.1,0.2,2
1.49618,1.49618,2.4086340769682948e-08,200,0.55,50,3,0.02,0.1,0.2,2
1.49618,1.49618,1.869264343033677e-08,200,0.55,50,3,0.02,0.1,0.2,2
1.49618,1.49618,1.4884042284285656e-08,200,0.55,50,3,0.02,0.1,0.2,2
1.49618,1.49618,1.1772677026635084e-08,200,0.55,50,3,0.02,0.1,0.2,2
1.49618,1.49618,9.119820586690655e-09,200,0.55,50,3,0.02,0.1,0.2,2
1.49618,1.49618,6.9786899373706134e-09,200,0.55,50,3,0.02,0.1,0.2,2
1.49618,1.49618,5.533252959620726e-09,200,0.55,50,3,0.02,0.1,0.2,2
1.49618,1.49618,4.461232330443981e-09,200,0.55,50,3,0.02,0.1,0.2,2
1.49618,1.49618,3.6629172305385536e-09,200,0.55,50,3,0.02,0.1,0.2,2
1.49618,1.49618,2.8886118411602204e-09,200,0.55,50,3,0.02,0.1,0.2,2
1.49618,1.49618,2.3683471880824635e-09,200,0.55,50,3,0.02,0.1,0.2,2
1.49618,1.49618,1.969661674851147e-09,200,0.55,50,3,0.02,0.1,0.2,2
1.49618,1.49618,1.6309116171256653e-09,200,0.55,50,3,0.02,0.1,0.2,2
1.49618,1.49618,1.3096203497663858e-09,200,0.55,50,3,0.02,0.1,0.2,2
1.49618,1.49618,1.1178459372718727e-09,200,0.55,50,3,0.02,0.1,0.2,2
1.49618,1.49618,9.09737229393652e-10,200,0.55,50,3,0.02,0.1,0.2,2
1.49618,1.49618,7.239189777085921e-10,200,0.55,50,3,0.02,0.1,0.2,2
1.49618,1.49618,5.657180790650947e-10,200,0.55,50,3,0.02,0.1,0.2,2
1.49618,1.49618,4.638770484218218e-10,200,0.55,50,3,0.02,0.1,0.2,2
1.49618,1.49618,3.672380501244428e-10,200,0.55,50,3,0.02,0.1,0.2,2
1.49618,1.49618,2.799858109700732e-10,200,0.55,50,3,0.02,0.1,0.2,2
1.49618,1.49618,2.2593973873766273e-10,200,0.55,50,3,0.02,0.1,0.2,2
1.49618,1.49618,1.738645737876877e-10,200,0.55,50,3,0.02,0.1,0.2,2
1.49618,1.49618,1.296598572853641e-10,200,0.55,50,3,0.02,0.1,0.2,2
1.49618,1.49618,9.833660594168127e-11,200,0.55,50,3,0.02,0.1,0.2,2
1.49618,1.49618,7.788034139075666e-11,200,0.55,50,3,0.02,0.1,0.2,2
1.49618,1.49618,6.258823263653554e-11,200,0.55,50,3,0.02,0.1,0.2,2
1.49618,1.49618,4.9795797683217196e-11,200,0.55,50,3,0.02,0.1,0.2,2
1.49618,1.49618,3.7506709563767985e-11,200,0.55,50,3,0.02,0.1,0.2,2
1.49618,1.49618,3.076600959358854e-11,200,0.55,50,3,0.02,0.1,0.2,2
1.49618,1.49618,2.4276445869192536e-11,200,0.55,50,3,0.02,0.1,0.2,2
1.49618,1.49618,1.8210935766402132e-11,200,0.55,50,3,0.02,0.1,0.2,2
1.49618,1.49618,1.428950876786875e-11,200,0.55,50,3,0.02,0.1,0.2,2
1.49618,1.49618,1.1018095301964961e-11,200,0.55,50,3,0.02,0.1,0.2,2
1.49618,1.49618,8.464924614470735e-12,200,0.55,50,3,0.02,0.1,0.2,2
1.49618,1.49618,6.469573570560399e-12,200,0.55,50,3,0.02,0.1,0.2,2
1.49618,1.49618,4.707280595003568e-12,200,0.55,50,3,0.02,0.1,0.2,2
1.49618,1.49618,3.500982893525163e-12,200,0.55,50,3,0.02,0.1,0.2,2
1.49618,1.49618,2.5140421450668157e-12,200,0.55,50,3,0.02,0.1,0.2,2
1.49618,1.49618,1.8184240424302581e-12,200,0.55,50,3,0.02,0.1,0.2,2
1.49618,1.49618,1.4027395441136837e-12,200,0.55,50,3,0.02,0.1,0.2,2
1.49618,1.49618,1.0275416153559859e-12,200,0.55,50,3,0.02,0.1,0.2,2
1.49618,1.49618,7.680436093876328e-13,200,0.55,50,3,0.02,0.1,0.2,2
1.49618,1.49618,5.898899585846281e-13,200,0.55,50,3,0.02,0.1,0.2,2
1.49618,1.49618,4.350880823983931e-13,200,0.55,50,3,0.02,0.1,0.2,2
1.49618,1.49618,3.378996431991103e-13,200,0.55,50,3,0.02,0.1,0.2,2
1.49618,1.49618,2.6720100000499957e-13,200,0.55,50,3,0.02,0.1,0.2,2
1.49618,1.49618,2.1066314539461596e-13,200,0.55,50,3,0.02,0.1,0.2,2
1.49618,1.49618,1.6480959166188225e-13,200,0.55,50,3,0.02,0.1,0.2,2
1.49618,1.49618,1.2611513610560511e-13,200,0.55,50,3,0.02,0.1,0.2,2
1.49618,1.49618,8.519377873655612e-14,200,0.55,50,3,0.02,0.1,0.2,2
1.49618,1.49618,6.46749252732347e-14,200,0.55,50,3,0.02,0.1,0.2,2
1.49618,1.49618,4.495756451136702e-14,200,0.55,50,3,0.02,0.1,0.2,2
1.49618,1.49618,3.13959001512971e-14,200,0.55,50,3,0.02,0.1,0.2,2
1.49618,1.49618,2.2271777074813184e-14,200,0.55,50,3,0.02,0.1,0.2,2
1.49618,1.49618,1.5428275336563897e-14,200,0.55,50,3,0.02,0.1,0.2,2
1.49618,1.49618,1.113113198182932e-14,200,0.55,50,3,0.02,0.1,0.2,2
1.49618,1.49618,8.295181755176167e-15,200,0.55,50,3,0.02,0.1,0.2,2
1.49618,1.49618,5.931541061255302e-15,200,0.55,50,3,0.02,0.1,0.2,2
1.49618,1.49618,4.093979447196768e-15,200,0.55,50,3,0.02,0.1,0.2,2
1.49618,1.49618,3.201263672533975e-15,200,0.55,50,3,0.02,0.1,0.2,2
1.49618,1.49618,2.275396401734698e-15,200,0.55,50,3,0.02,0.1,0.2,2
1.49618,1.49618,1.6460338626008089e-15,200,0.55,50,3,0.02,0.1,0.2,2
1.49618,1.49618,1.2639687429953273e-15,200,0.55,50,3,0.02,0.1,0.2,2
1.49618,1.49618,9.962481643940234e-16,200,0.55,50,3,0.02,0.1,0.2,2
1.49618,1.49618,7.556496486112496e-16,200,0.55,50,3,0.02,0.1,0.2,2
1.49618,1.49618,5.606514758223608e-16,200,0.55,50,3,0.02,0.1,0.2,2
1.49618,1.49618,4.253126577122167e-16,200,0.55,50,3,0.02,0.1,0.2,2
1.49618,1.49618,3.197055620928333e-16,200,0.55,50,3,0.02,0.1,0.2,2
1.49618,1.49618,2.3260830628715397e-16,200,0.55,50,3,0.02,0.1,0.2,2
1.49618,1.49618,1.8060693302501045e-16,200,0.55,50,3,0.02,0.1,0.2,2
1.49618,1.49618,1.3366414388078974e-16,200,0.55,50,3,0.02,0.1,0.2,2
1.49618,1.49618,1.0219765040461622e-16,200,0.55,50,3,0.02,0.1,0.2,2
1.49618,1.49618,7.916749103782917e-17,200,0.55,50,3,0.02,0.1,0.2,2
1.49618,1.49618,5.805884481314388e-17,200,0.55,50,3,0.02,0.1,0.2,2
1.49618,1.49618,4.44726490210509e-17,200,0.55,50,3,0.02,0.1,0.2,2
1.49618,1.49618,3.4153309007724956e-17,200,0.55,50,3,0.02,0.1,0.2,2
1.49618,1.49618,2.5712257335560397e-17,200,0.55,50,3,0.02,0.1,0.2,2
1.49618,1.49618,1.90760142142796e-17,200,0.55,50,3,0.02,0.1,0.2,2
1.49618,1.49618,1.4641556151457116e-17,200,0.55,50,3,0.02,0.1,0.2,2
1.49618,1.49618,0.21958788025390047,200,0.55,50,4,0.02,0.1,0.2,2
1.49618,1.49618,0.18263560401015885,200,0.55,50,4,0.02,0.1,0.2,2
1.49618,1.49618,0.15858469062928218,200,0.55,50,4,0.02,0.1,0.2,2
1.49618,1.49618,0.15092202794451462,200,0.55,50,4,0.02,0.1,0.2,2
1.49618,1.49618,0.14245133033125995,200,0.55,50,4,0.02,0.1,0.2,2
1.49618,1.49618,0.13606147659216436,200,0.55,50,4,0.02,0.1,0.2,2
1.49618,1.49618,0.12865568066687882,200,0.55,50,4,0.02,0.1,0.2,2
1.49618,1.49618,0.1190024913015882,200,0.55,50,4,0.02,0.1,0.2,2
1.49618,1.49618,0.10989920505689671,200,0.55,50,4,0.02,0.1,0.2,2
1.49618,1.49618,0.10144641790267324,200,0.55,50,4,0.02,0.1,0.2,2
1.49618,1.49618,0.0875031286673316,200,0.55,50,4,0.02,0.1,0.2,2
1.49618,1.49618,0.07962881145728794,200,0.55,50,4,0.02,0.1,0.2,2
1.49618,1.49618,0.06776939813038856,200,0.55,50,4,0.02,0.1,0.2,2
1.49618,1.49618,0.05663627508851087,200,0.55,50,4,0.02,0.1,0.2,2
1.49618,1.49618,0.04622408652654408,200,0.55,50,4,0.02,0.1,0.2,2
1.49618,1.49618,0.03841037864996174,200,0.55,50,4,0.02,0.1,0.2,2
1.49618,1.49618,0.02911500934744835,200,0.55,50,4,0.02,0.1,0.2,2
1.49618,1.49618,0.02420682938525419,200,0.55,50,4,0.02,0.1,0.2,2
1.49618,1.49618,0.018009090499378492,200,0.55,50,4,0.02,0.1,0.2,2
1.49618,1.49618,0.01473339675129051,200,0.55,50,4,0.02,0.1,0.2,2
1.49618,1.49618,0.011349286171507258,200,0.55,50,4,0.02,0.1,0.2,2
1.49618,1.49618,0.00860193840555573,200,0.55,50,4,0.02,0.1,0.2,2
1.49618,1.49618,0.006889981027930718,200,0.55,50,4,0.02,0.1,0.2,2
1.49618,1.49618,0.00532008523514624,200,0.55,50,4,0.02,0.1,0.2,2
1.49618,1.49618,0.0038975082476893773,200,0.55,50,4,0.02,0.1,0.2,2
1.49618,1.49618,0.002809319463130674,200,0.55,50,4,0.02,0.1,0.2,2
1.49618,1.49618,0.0021982929849355755,200,0.55,50,4,0.02,0.1,0.2,2
1.49618,1.49618,0.0016346332028244163,200,0.55,50,4,0.02,0.1,0.2,2
1.49618,1.49618,0.0012025351807651299,200,0.55,50,4,0.02,0.1,0.2,2
1.49618,1.49618,0.0008839843660438323,200,0.55,50,4,0.02,0.1,0.2,2
1.49618,1.49618,0.0006677612921910855,200,0.55,50,4,0.02,0.1,0.2,2
1.49618,1.49618,0.0004702999489719714,200,0.55,50,4,0.02,0.1,0.2,2
1.49618,1.49618,0.0003536325950038157,200,0.55,50,4,0.02,0.1,0.2,2
1.49618,1.49618,0.00026001035552678675,200,0.55,50,4,0.02,0.1,0.2,2
1.49618,1.49618,0.0001650290149156487,200,0.55,50,4,0.02,0.1,0.2,2
1.49618,1.49618,0.00012307834095202924,200,0.55,50,4,0.02,0.1,0.2,2
1.49618,1.49618,9.13562020272347e-05,200,0.55,50,4,0.02,0.1,0.2,2
1.49618,1.49618,6.779172911046734e-05,200,0.55,50,4,0.02,0.1,0.2,2
1.49618,1.49618,5.114817650094285e-05,200,0.55,50,4,0.02,0.1,0.2,2
1.49618,1.49618,4.0532740731678934e-05,200,0.55,50,4,0.02,0.1,0.2,2
1.49618,1.49618,2.9582805569643915e-05,200,0.55,50,4,0.02,0.1,0.2,2
1.49618,1.49618,2.2313367889740266e-05,200,0.55,50,4,0.02,0.1,0.2,2
1.49618,1.49618,1.6580631885943923e-05,200,0.55,50,4,0.02,0.1,0.2,2
1.49618,1.49618,1.315757346522259e-05,200,0.55,50,4,0.02,0.1,0.2,2
1.49618,1.49618,9.80800600337593e-06,200,0.55,50,4,0.02,0.1,0.2,2
1.49618,1.49618,7.170916038447764e-06,200,0.55,50,4,0.02,0.1,0.2,2
1.49618,1.49618,5.620797105457633e-06,200,0.55,50,4,0.02,0.1,0.2,2
1.49618,1.49618,4.139278064912001e-06,200,0.55,50,4,0.02,0.1,0.2,2
1.49618,1.49618,3.2081528786674946e-06,200,0.55,50,4,0.02,0.1,0.2,2
1.49618,1.49618,2.381933853908639e-06,200,0.55,50,4,0.02,0.1,0.2,2
1.49618,1.49618,1.9070060430186319e-06,200,0.55,50,4,0.02,0.1,0.2,2
1.49618,1.49618,1.4874952964305348e-06,200,0.55,50,4,0.02,0.1,0.2,2
1.49618,1.49618,1.2237663449415844e-06,200,0.55,50,4,0.02,0.1,0.2,2
1.49618,1.49618,9.104837329748924e-07,200,0.55,50,4,0.02,0.1,0.2,2
1.49618,1.49618,7.634963499597626e-07,200,0.55,50,4,0.02,0.1,0.2,2
1.49618,1.49618,6.072549914980001e-07,200,0.55,50,4,0.02,0.1,0.2,2
1.49618,1.49618,4.963483810162307e-07,200,0.55,50,4,0.02,0.1,0.2,2
1.49618,1.49618,4.1365892035229986e-07,200,0.55,50,4,0.02,0.1,0.2,2
1.49618,1.49618,3.392917958946092e-07,200,0.55,50,4,0.02,0.1,0.2,2
1.49618,1.49618,2.856016189239892e-07,200,0.55,50,4,0.02,0.1,0.2,2
1.49618,1.49618,2.4058474879926846e-07,200,0.55,50,4,0.02,0.1,0.2,2
1.49618,1.49618,2.0829560533246406e-07,200,0.55,50,4,0.02,0.1,0.2,2
1.49618,1.49618,1.8373666663135047e-07,200,0.55,50,4,0.02,0.1,0.2,2
1.49618,1.49618,1.650159372676205e-07,200,0.55,50,4,0.02,0.1,0.2,2
1.49618,1.49618,1.4201942170816975e-07,200,0.55,50,4,0.02,0.1,0.2,2
1.49618,1.49618,1.2566390571686334e-07,200,0.55,50,4,0.02,0.1,0.2,2
1.49618,1.49618,1.0449377757587054e-07,200,0.55,50,4,0.02,0.1,0.2,2
1.49618,1.49618,8.615188801458914e-08,200,0.55,50,4,0.02,0.1,0.2,2
1.49618,1.49618,7.491965234553151e-08,200,0.55,50,4,0.02,0.1,0.2,2
1.49618,1.49618,6.259846946644242e-08,200,0.55,50,4,0.02,0.1,0.2,2
1.49618,1.49618,5.2423653038693304e-08,200,0.55,50,4,0.02,0.1,0.2,2
1.49618,1.49618,4.381620501986072e-08,200,0.55,50,4,0.02,0.1,0.2,2
1.49618,1.49618,3.730722201340951e-08,200,0.55,50,4,0.02,0.1,0.2,2
1.49618,1.49618,3.1157935547635615e-08,200,0.55,50,4,0.02,0.1,0.2,2
1.49618,1.49618,2.5656083087027766e-08,200,0.55,50,4,0.02,0.1,0.2,2
1.49618,1.49618,2.1684707480770436e-08,200,0.55,50,4,0.02,0.1,0.2,2
1.49618,1.49618,1.785740909503652e-08,200,0.55,50,4,0.02,0.1,0.2,2
1.49618,1.49618,1.5400563006288534e-08,200,0.55,50,4,0.02,0.1,0.2,2
1.49618,1.49618,1.2737900455684318e-08,200,0.55,50,4,0.02,0.1,0.2,2
1.49618,1.49618,1.0972949549184221e-08,200,0.55,50,4,0.02,0.1,0.2,2
1.49618,1.49618,9.185467503360222e-09,200,0.55,50,4,0.02,0.1,0.2,2
1.49618,1.49618,8.074823657287192e-09,200,0.55,50,4,0.02,0.1,0.2,2
1.49618,1.49618,6.841820225998972e-09,200,0.55,50,4,0.02,0.1,0.2,2
1.49618,1.49618,5.480815193550326e-09,200,0.55,50,4,0.02,0.1,0.2,2
1.49618,1.49618,4.447233948482138e-09,200,0.55,50,4,0.02,0.1,0.2,2
1.49618,1.49618,3.370206192735356e-09,200,0.55,50,4,0.02,0.1,0.2,2
1.49618,1.49618,2.656658597011258e-09,200,0.55,50,4,0.02,0.1,0.2,2
1.49618,1.49618,2.1002534809742718e-09,200,0.55,50,4,0.02,0.1,0.2,2
1.49618,1.49618,1.7809029043589707e-09,200,0.55,50,4,0.02,0.1,0.2,2
1.49618,1.49618,1.574308597159558e-09,200,0.55,50,4,0.02,0.1,0.2,2
1.49618,1.49618,1.3375455693223996e-09,200,0.55,50,4,0.02,0.1,0.2,2
1.49618,1.49618,1.2225444959611903e-09,200,0.55,50,4,0.02,0.1,0.2,2
1.49618,1.49618,1.0805754783592777e-09,200,0.55,50,4,0.02,0.1,0.2,2
1.49618,1.49618,9.744735545344043e-10,200,0.55,50,4,0.02,0.1,0.2,2
1.49618,1.49618,8.382895351360749e-10,200,0.55,50,4,0.02,0.1,0.2,2
1.49618,1.49618,7.361076334647797e-10,200,0.55,50,4,0.02,0.1,0.2,2
1.49618,1.49618,6.719805902351613e-10,200,0.55,50,4,0.02,0.1,0.2,2
1.49618,1.49618,6.470821627915145e-10,200,0.55,50,4,0.02,0.1,0.2,2
1.49618,1.49618,6.318466745173427e-10,200,0.55,50,4,0.02,0.1,0.2,2
1.49618,1.49618,6.107352328299758e-10,200,0.55,50,4,0.02,0.1,0.2,2
1.49618,1.49618,5.758925914117701e-10,200,0.55,50,4,0.02,0.1,0.2,2
1.49618,1.49618,5.437909085066757e-10,200,0.55,50,4,0.02,0.1,0.2,2
1.49618,1.49618,5.204072792729857e-10,200,0.55,50,4,0.02,0.1,0.2,2
1.49618,1.49618,4.809538938650591e-10,200,0.55,50,4,0.02,0.1,0.2,2
1.49618,1.49618,4.602443040042299e-10,200,0.55,50,4,0.02,0.1,0.2,2
1.49618,1.49618,4.317432595272288e-10,200,0.55,50,4,0.02,0.1,0.2,2
1.49618,1.49618,4.1656373789613375e-10,200,0.55,50,4,0.02,0.1,0.2,2
1.49618,1.49618,3.8982133623605284e-10,200,0.55,50,4,0.02,0.1,0.2,2
1.49618,1.49618,3.6634444249929094e-10,200,0.55,50,4,0.02,0.1,0.2,2
1.49618,1.49618,3.4827024392482095e-10,200,0.55,50,4,0.02,0.1,0.2,2
1.49618,1.49618,3.2837343231344204e-10,200,0.55,50,4,0.02,0.1,0.2,2
1.49618,1.49618,3.1071401514689115e-10,200,0.55,50,4,0.02,0.1,0.2,2
1.49618,1.49618,2.921044954039603e-10,200,0.55,50,4,0.02,0.1,0.2,2
1.49618,1.49618,2.7237716323638034e-10,200,0.55,50,4,0.02,0.1,0.2,2
1.49618,1.49618,2.560812631893302e-10,200,0.55,50,4,0.02,0.1,0.2,2
1.49618,1.49618,2.4150906446067276e-10,200,0.55,50,4,0.02,0.1,0.2,2
1.49618,1.49618,2.2307320268320519e-10,200,0.55,50,4,0.02,0.1,0.2,2
1.49618,1.49618,2.05529969296497e-10,200,0.55,50,4,0.02,0.1,0.2,2
1.49618,1.49618,1.8610117951748445e-10,200,0.55,50,4,0.02,0.1,0.2,2
1.49618,1.49618,1.5981552207402293e-10,200,0.55,50,4,0.02,0.1,0.2,2
1.49618,1.49618,1.3777522598870202e-10,200,0.55,50,4,0.02,0.1,0.2,2
1.49618,1.49618,1.1599250473456341e-10,200,0.55,50,4,0.02,0.1,0.2,2
1.49618,1.49618,9.995894416873989e-11,200,0.55,50,4,0.02,0.1,0.2,2
1.49618,1.49618,8.212226439486001e-11,200,0.55,50,4,0.02,0.1,0.2,2
1.49618,1.49618,6.816332365658954e-11,200,0.55,50,4,0.02,0.1,0.2,2
1.49618,1.49618,5.7431845490877805e-11,200,0.55,50,4,0.02,0.1,0.2,2
1.49618,1.49618,4.8646507441851276e-11,200,0.55,50,4,0.02,0.1,0.2,2
1.49618,1.49618,3.944689560729611e-11,200,0.55,50,4,0.02,0.1,0.2,2
1.49618,1.49618,3.196737548370955e-11,200,0.55,50,4,0.02,0.1,0.2,2
1.49618,1.49618,2.592877593234149e-11,200,0.55,50,4,0.02,0.1,0.2,2
1.49618,1.49618,2.154732589018975e-11,200,0.55,50,4,0.02,0.1,0.2,2
1.49618,1.49618,1.6076370230777513e-11,200,0.55,50,4,0.02,0.1,0.2,2
1.49618,1.49618,1.3108620304689396e-11,200,0.55,50,4,0.02,0.1,0.2,2
1.49618,1.49618,1.0338365782925183e-11,200,0.55,50,4,0.02,0.1,0.2,2
1.49618,1.49618,7.816803714965604e-12,200,0.55,50,4,0.02,0.1,0.2,2
1.49618,1.49618,6.231470114125765e-12,200,0.55,50,4,0.02,0.1,0.2,2
1.49618,1.49618,4.810861248425503e-12,200,0.55,50,4,0.02,0.1,0.2,2
1.49618,1.49618,3.853654111432665e-12,200,0.55,50,4,0.02,0.1,0.2,2
1.49618,1.49618,3.018970882813205e-12,200,0.55,50,4,0.02,0.1,0.2,2
1.49618,1.49618,2.296444644029712e-12,200,0.55,50,4,0.02,0.1,0.2,2
1.49618,1.49618,1.8203393096550374e-12,200,0.55,50,4,0.02,0.1,0.2,2
1.49618,1.49618,1.299965736797148e-12,200,0.55,50,4,0.02,0.1,0.2,2
1.49618,1.49618,9.539796642126348e-13,200,0.55,50,4,0.02,0.1,0.2,2
1.49618,1.49618,6.414091899080497e-13,200,0.55,50,4,0.02,0.1,0.2,2
1.49618,1.49618,4.617031661750633e-13,200,0.55,50,4,0.02,0.1,0.2,2
1.49618,1.49618,3.244386396948879e-13,200,0.55,50,4,0.02,0.1,0.2,2
1.49618,1.49618,2.1347815066154288e-13,200,0.55,50,4,0.02,0.1,0.2,2
1.49618,1.49618,1.6007671984749536e-13,200,0.55,50,4,0.02,0.1,0.2,2
1.49618,1.49618,1.1821967147386263e-13,200,0.55,50,4,0.02,0.1,0.2,2
1.49618,1.49618,8.199613215559366e-14,200,0.55,50,4,0.02,0.1,0.2,2
1.49618,1.49618,6.406285840351394e-14,200,0.55,50,4,0.02,0.1,0.2,2
1.49618,1.49618,4.886942701406188e-14,200,0.55,50,4,0.02,0.1,0.2,2
1.49618,1.49618,3.6119573488058595e-14,200,0.55,50,4,0.02,0.1,0.2,2
1.49618,1.49618,2.7864304117226152e-14,200,0.55,50,4,0.02,0.1,0.2,2
1.49618,1.49618,2.1253684153621142e-14,200,0.55,50,4,0.02,0.1,0.2,2
1.49618,1.49618,1.6050926645620582e-14,200,0.55,50,4,0.02,0.1,0.2,2
1.49618,1.49618,1.2168348375831376e-14,200,0.55,50,4,0.02,0.1,0.2,2
1.49618,1.49618,9.027307860401294e-15,200,0.55,50,4,0.02,0.1,0.2,2
1.49618,1.49618,7.203105636691433e-15,200,0.55,50,4,0.02,0.1,0.2,2
1.49618,1.49618,5.865668318665743e-15,200,0.55,50,4,0.02,0.1,0.2,2
1.49618,1.49618,4.7111434428837446e-15,200,0.55,50,4,0.02,0.1,0.2,2
1.49618,1.49618,3.897480686335124e-15,200,0.55,50,4,0.02,0.1,0.2,2
1.49618,1.49618,2.958785175334429e-15,200,0.55,50,4,0.02,0.1,0.2,2
1.49618,1.49618,2.399322399867058e-15,200,0.55,50,4,0.02,0.1,0.2,2
1.49618,1.49618,1.904133577650813e-15,200,0.55,50,4,0.02,0.1,0.2,2
1.49618,1.49618,1.4266603609402324e-15,200,0.55,50,4,0.02,0.1,0.2,2
1.49618,1.49618,1.1297181058943654e-15,200,0.55,50,4,0.02,0.1,0.2,2
1.49618,1.49618,9.026930450379974e-16,200,0.55,50,4,0.02,0.1,0.2,2
1.49618,1.49618,7.062063785669704e-16,200,0.55,50,4,0.02,0.1,0.2,2
1.49618,1.49618,5.700961543024685e-16,200,0.55,50,4,0.02,0.1,0.2,2
1.49618,1.49618,4.52141081200762e-16,200,0.55,50,4,0.02,0.1,0.2,2
1.49618,1.49618,3.529679881145591e-16,200,0.55,50,4,0.02,0.1,0.2,2
1.49618,1.49618,2.7112586709949116e-16,200,0.55,50,4,0.02,0.1,0.2,2
1.49618,1.49618,2.0696415373779302e-16,200,0.55,50,4,0.02,0.1,0.2,2
1.49618,1.49618,1.5949115957960507e-16,200,0.55,50,4,0.02,0.1,0.2,2
1.49618,1.49618,1.2590788202607884e-16,200,0.55,50,4,0.02,0.1,0.2,2
1.49618,1.49618,9.665995258538586e-17,200,0.55,50,4,0.02,0.1,0.2,2
1.49618,1.49618,7.353413637928394e-17,200,0.55,50,4,0.02,0.1,0.2,2
1.49618,1.49618,5.562441505563863e-17,200,0.55,50,4,0.02,0.1,0.2,2
1.49618,1.49618,4.3927237031538937e-17,200,0.55,50,4,0.02,0.1,0.2,2
1.49618,1.49618,3.1780533697256505e-17,200,0.55,50,4,0.02,0.1,0.2,2
1.49618,1.49618,2.4527629567132133e-17,200,0.55,50,4,0.02,0.1,0.2,2
1.49618,1.49618,1.7838488077396705e-17,200,0.55,50,4,0.02,0.1,0.2,2
1.49618,1.49618,1.3449628497938112e-17,200,0.55,50,4,0.02,0.1,0.2,2
1.49618,1.49618,9.566425712407491e-18,200,0.55,50,4,0.02,0.1,0.2,2
1.49618,1.49618,7.041663822754408e-18,200,0.55,50,4,0.02,0.1,0.2,2
1.49618,1.49618,5.2087701268342115e-18,200,0.55,50,4,0.02,0.1,0.2,2
1.49618,1.49618,3.706798541013634e-18,200,0.55,50,4,0.02,0.1,0.2,2
1.49618,1.49618,2.7440645828067884e-18,200,0.55,50,4,0.02,0.1,0.2,2
1.49618,1.49618,2.0827144996473533e-18,200,0.55,50,4,0.02,0.1,0.2,2
1.49618,1.49618,1.6296410048043033e-18,200,0.55,50,4,0.02,0.1,0.2,2
1.49618,1.49618,1.2626881804637755e-18,200,0.55,50,4,0.02,0.1,0.2,2
1.49618,1.49618,9.78285965626006e-19,200,0.55,50,4,0.02,0.1,0.2,2
1.49618,1.49618,7.857366216312066e-19,200,0.55,50,4,0.02,0.1,0.2,2
1.49618,1.49618,6.295193913273963e-19,200,0.55,50,4,0.02,0.1,0.2,2
1.49618,1.49618,5.002585503739402e-19,200,0.55,50,4,0.02,0.1,0.2,2
1.49618,1.49618,4.109932388737015e-19,200,0.55,50,4,0.02,0.1,0.2,2
1.49618,1.49618,3.232497944047188e-19,200,0.55,50,4,0.02,0.1,0.2,2
1.49618,1.49618,2.4559083554839903e-19,200,0.55,50,4,0.02,0.1,0.2,2
1.49618,1.49618,1.8998615320930942e-19,200,0.55,50,4,0.02,0.1,0.2,2
1.49618,1.49618,0.23023683179133955,200,0.55,50,5,0.02,0.1,0.2,2
1.49618,1.49618,0.1814595544696978,200,0.55,50,5,0.02,0.1,0.2,2
1.49618,1.49618,0.1655292415855709,200,0.55,50,5,0.02,0.1,0.2,2
1.49618,1.49618,0.15191526195556995,200,0.55,50,5,0.02,0.1,0.2,2
1.49618,1.49618,0.14505969197922974,200,0.55,50,5,0.02,0.1,0.2,2
1.49618,1.49618,0.13215814962096498,200,0.55,50,5,0.02,0.1,0.2,2
1.49618,1.49618,0.11983587343751936,200,0.55,50,5,0.02,0.1,0.2,2
1.49618,1.49618,0.10305131448183517,200,0.55,50,5,0.02,0.1,0.2,2
1.49618,1.49618,0.08707272793646903,200,0.55,50,5,0.02,0.1,0.2,2
1.49618,1.49618,0.07456899372074402,200,0.55,50,5,0.02,0.1,0.2,2
1.49618,1.49618,0.06794183767414533,200,0.55,50,5,0.02,0.1,0.2,2
1.49618,1.49618,0.0597905567263526,200,0.55,50,5,0.02,0.1,0.2,2
1.49618,1.49618,0.05628897697188812,200,0.55,50,5,0.02,0.1,0.2,2
1.49618,1.49618,0.05222061238686991,200,0.55,50,5,0.02,0.1,0.2,2
1.49618,1.49618,0.04829720340952008,200,0.55,50,5,0.02,0.1,0.2,2
1.49618,1.49618,0.04476043850892399,200,0.55,50,5,0.02,0.1,0.2,2
1.49618,1.49618,0.039558624049277256,200,0.55,50,5,0.02,0.1,0.2,2
1.49618,1.49618,0.03566248441846464,200,0.55,50,5,0.02,0.1,0.2,2
1.49618,1.49618,0.03245236773110894,200,0.55,50,5,0.02,0.1,0.2,2
1.49618,1.49618,0.029307279144284933,200,0.55,50,5,0.02,0.1,0.2,2
1.49618,1.49618,0.026347216785804695,200,0.55,50,5,0.02,0.1,0.2,2
1.49618,1.49618,0.024084148476285476,200,0.55,50,5,0.02,0.1,0.2,2
1.49618,1.49618,0.021988593212626778,200,0.55,50,5,0.02,0.1,0.2,2
1.49618,1.49618,0.020513100906385123,200,0.55,50,5,0.02,0.1,0.2,2
1.49618,1.49618,0.01884308586246941,200,0.55,50,5,0.02,0.1,0.2,2
1.49618,1.49618,0.01757653366648914,200,0.55,50,5,0.02,0.1,0.2,2
1.49618,1.49618,0.016407088677068457,200,0.55,50,5,0.02,0.1,0.2,2
1.49618,1.49618,0.014897251251892797,200,0.55,50,5,0.02,0.1,0.2,2
1.49618,1.49618,0.013500133817072754,200,0.55,50,5,0.02,0.1,0.2,2
1.49618,1.49618,0.012407675455872284,200,0.55,50,5,0.02,0.1,0.2,2
1.49618,1.49618,0.01084846970613095,200,0.55,50,5,0.02,0.1,0.2,2
1.49618,1.49618,0.010256388669274046,200,0.55,50,5,0.02,0.1,0.2,2
1.49618,1.49618,0.009721651235479203,200,0.55,50,5,0.02,0.1,0.2,2
1.49618,1.49618,0.009098027936826536,200,0.55,50,5,0.02,0.1,0.2,2
1.49618,1.49618,0.008325193668586368,200,0.55,50,5,0.02,0.1,0.2,2
1.49618,1.49618,0.007534234634935474,200,0.55,50,5,0.02,0.1,0.2,2
1.49618,1.49618,0.007065546079757501,200,0.55,50,5,0.02,0.1,0.2,2
1.49618,1.49618,0.006632962581070572,200,0.55,50,5,0.02,0.1,0.2,2
1.49618,1.49618,0.006173937472963564,200,0.55,50,5,0.02,0.1,0.2,2
1.49618,1.49618,0.0059605966157523955,200,0.55,50,5,0.02,0.1,0.2,2
1.49618,1.49618,0.005552211593792591,200,0.55,50,5,0.02,0.1,0.2,2
1.49618,1.49618,0.0053822669550339895,200,0.55,50,5,0.02,0.1,0.2,2
1.49618,1.49618,0.00477934378132564,200,0.55,50,5,0.02,0.1,0.2,2
1.49618,1.49618,0.004371874090340696,200,0.55,50,5,0.02,0.1,0.2,2
1.49618,1.49618,0.00399709307471734,200,0.55,50,5,0.02,0.1,0.2,2
1.49618,1.49618,0.003616727903674149,200,0.55,50,5,0.02,0.1,0.2,2
1.49618,1.49618,0.0033789247597555312,200,0.55,50,5,0.02,0.1,0.2,2
1.49618,1.49618,0.0030787963409648136,200,0.55,50,5,0.02,0.1,0.2,2
1.49618,1.49618,0.0027180363408993895,200,0.55,50,5,0.02,0.1,0.2,2
1.49618,1.49618,0.002318686564262457,200,0.55,50,5,0.02,0.1,0.2,2
1.49618,1.49618,0.0019902279506524125,200,0.55,50,5,0.02,0.1,0.2,2
1.49618,1.49618,0.0016990968054393892,200,0.55,50,5,0.02,0.1,0.2,2
1.49618,1.49618,0.0014303307319046947,200,0.55,50,5,0.02,0.1,0.2,2
1.49618,1.49618,0.001216787672973272,200,0.55,50,5,0.02,0.1,0.2,2
1.49618,1.49618,0.0009758154300277522,200,0.55,50,5,0.02,0.1,0.2,2
1.49618,1.49618,0.0007982640803422058,200,0.55,50,5,0.02,0.1,0.2,2
1.49618,1.49618,0.0006384132887162484,200,0.55,50,5,0.02,0.1,0.2,2
1.49618,1.49618,0.0005190314912757281,200,0.55,50,5,0.02,0.1,0.2,2
1.49618,1.49618,0.0004030878745782001,200,0.55,50,5,0.02,0.1,0.2,2
1.49618,1.49618,0.00033477870443794183,200,0.55,50,5,0.02,0.1,0.2,2
1.49618,1.49618,0.0002744455355750298,200,0.55,50,5,0.02,0.1,0.2,2
1.49618,1.49618,0.00021420891795734902,200,0.55,50,5,0.02,0.1,0.2,2
1.49618,1.49618,0.00016292533240030893,200,0.55,50,5,0.02,0.1,0.2,2
1.49618,1.49618,0.00011853994564122805,200,0.55,50,5,0.02,0.1,0.2,2
1.49618,1.49618,9.07138985257582e-05,200,0.55,50,5,0.02,0.1,0.2,2
1.49618,1.49618,6.866844025959443e-05,200,0.55,50,5,0.02,0.1,0.2,2
1.49618,1.49618,5.376350787358358e-05,200,0.55,50,5,0.02,0.1,0.2,2
1.49618,1.49618,4.003878592030279e-05,200,0.55,50,5,0.02,0.1,0.2,2
1.49618,1.49618,3.254443594646008e-05,200,0.55,50,5,0.02,0.1,0.2,2
1.49618,1.49618,2.4284779518248023e-05,200,0.55,50,5,0.02,0.1,0.2,2
1.49618,1.49618,1.8631648468356613e-05,200,0.55,50,5,0.02,0.1,0.2,2
1.49618,1.49618,1.401341528180861e-05,200,0.55,50,5,0.02,0.1,0.2,2
1.49618,1.49618,1.0232946458811089e-05,200,0.55,50,5,0.02,0.1,0.2,2
1.49618,1.49618,7.761605345682962e-06,200,0.55,50,5,0.02,0.1,0.2,2
1.49618,1.49618,5.539996438324715e-06,200,0.55,50,5,0.02,0.1,0.2,2
1.49618,1.49618,3.938893667465655e-06,200,0.55,50,5,0.02,0.1,0.2,2
1.49618,1.49618,2.7708841769334657e-06,200,0.55,50,5,0.02,0.1,0.2,2
1.49618,1.49618,2.0179366726913193e-06,200,0.55,50,5,0.02,0.1,0.2,2
1.49618,1.49618,1.4434562450409365e-06,200,0.55,50,5,0.02,0.1,0.2,2
1.49618,1.49618,1.02534643279041e-06,200,0.55,50,5,0.02,0.1,0.2,2
1.49618,1.49618,7.950697413632025e-07,200,0.55,50,5,0.02,0.1,0.2,2
1.49618,1.49618,6.221836618832183e-07,200,0.55,50,5,0.02,0.1,0.2,2
1.49618,1.49618,4.841600450726913e-07,200,0.55,50,5,0.02,0.1,0.2,2
1.49618,1.49618,3.8049293591758856e-07,200,0.55,50,5,0.02,0.1,0.2,2
1.49618,1.49618,2.956421990141764e-07,200,0.55,50,5,0.02,0.1,0.2,2
1.49618,1.49618,2.3862857182308157e-07,200,0.55,50,5,0.02,0.1,0.2,2
1.49618,1.49618,1.781909001507014e-07,200,0.55,50,5,0.02,0.1,0.2,2
1.49618,1.49618,1.2623333794102993e-07,200,0.55,50,5,0.02,0.1,0.2,2
1.49618,1.49618,9.472506666419082e-08,200,0.55,50,5,0.02,0.1,0.2,2
1.49618,1.49618,6.884392695228227e-08,200,0.55,50,5,0.02,0.1,0.2,2
1.49618,1.49618,5.1038824057301754e-08,200,0.55,50,5,0.02,0.1,0.2,2
1.49618,1.49618,3.889784755143452e-08,200,0.55,50,5,0.02,0.1,0.2,2
1.49618,1.49618,2.9457298770856683e-08,200,0.55,50,5,0.02,0.1,0.2,2
1.49618,1.49618,2.2245329598716537e-08,200,0.55,50,5,0.02,0.1,0.2,2
1.49618,1.49618,1.6447069529813772e-08,200,0.55,50,5,0.02,0.1,0.2,2
1.49618,1.49618,1.2345453696497882e-08,200,0.55,50,5,0.02,0.1,0.2,2
1.49618,1.49618,9.274380744091789e-09,200,0.55,50,5,0.02,0.1,0.2,2
1.49618,1.49618,7.080408752637082e-09,200,0.55,50,5,0.02,0.1,0.2,2
1.49618,1.49618,5.322067029439969e-09,200,0.55,50,5,0.02,0.1,0.2,2
1.49618,1.49618,4.305898009790766e-09,200,0.55,50,5,0.02,0.1,0.2,2
1.49618,1.49618,3.417397734179372e-09,200,0.55,50,5,0.02,0.1,0.2,2
1.49618,1.49618,2.675632469705705e-09,200,0.55,50,5,0.02,0.1,0.2,2
1.49618,1.49618,2.1149348681806124e-09,200,0.55,50,5,0.02,0.1,0.2,2
1.49618,1.49618,1.6407357696117792e-09,200,0.55,50,5,0.02,0.1,0.2,2
1.49618,1.49618,1.2434957585445662e-09,200,0.55,50,5,0.02,0.1,0.2,2
1.49618,1.49618,9.375004508269937e-10,200,0.55,50,5,0.02,0.1,0.2,2
1.49618,1.49618,7.205237210502921e-10,200,0.55,50,5,0.02,0.1,0.2,2
1.49618,1.49618,5.30666368537434e-10,200,0.55,50,5,0.02,0.1,0.2,2
1.49618,1.49618,3.75687805949068e-10,200,0.55,50,5,0.02,0.1,0.2,2
1.49618,1.49618,2.6987200471383946e-10,200,0.55,50,5,0.02,0.1,0.2,2
1.49618,1.49618,1.9109381577660508e-10,200,0.55,50,5,0.02,0.1,0.2,2
1.49618,1.49618,1.461670950111963e-10,200,0.55,50,5,0.02,0.1,0.2,2
1.49618,1.49618,1.1489966387571805e-10,200,0.55,50,5,0.02,0.1,0.2,2
1.49618,1.49618,9.3174785456172e-11,200,0.55,50,5,0.02,0.1,0.2,2
1.49618,1.49618,6.992407882794902e-11,200,0.55,50,5,0.02,0.1,0.2,2
1.49618,1.49618,5.509863661289887e-11,200,0.55,50,5,0.02,0.1,0.2,2
1.49618,1.49618,4.00043349072925e-11,200,0.55,50,5,0.02,0.1,0.2,2
1.49618,1.49618,3.100512316303366e-11,200,0.55,50,5,0.02,0.1,0.2,2
1.49618,1.49618,2.1813304518208605e-11,200,0.55,50,5,0.02,0.1,0.2,2
1.49618,1.49618,1.5773746102978954e-11,200,0.55,50,5,0.02,0.1,0.2,2
1.49618,1.49618,1.1786213038956343e-11,200,0.55,50,5,0.02,0.1,0.2,2
1.49618,1.49618,8.635837032213597e-12,200,0.55,50,5,0.02,0.1,0.2,2
1.49618,1.49618,6.322013643106957e-12,200,0.55,50,5,0.02,0.1,0.2,2
1.49618,1.49618,4.776073844891272e-12,200,0.55,50,5,0.02,0.1,0.2,2
1.49618,1.49618,3.5341094035129095e-12,200,0.55,50,5,0.02,0.1,0.2,2
1.49618,1.49618,2.7941079285136323e-12,200,0.55,50,5,0.02,0.1,0.2,2
1.49618,1.49618,2.1429185123133022e-12,200,0.55,50,5,0.02,0.1,0.2,2
1.49618,1.49618,1.5942351014584564e-12,200,0.55,50,5,0.02,0.1,0.2,2
1.49618,1.49618,1.2768033223961783e-12,200,0.55,50,5,0.02,0.1,0.2,2
1.49618,1.49618,9.939866558049647e-13,200,0.55,50,5,0.02,0.1,0.2,2
1.49618,1.49618,7.377926846845865e-13,200,0.55,50,5,0.02,0.1,0.2,2
1.49618,1.49618,5.134994046275407e-13,200,0.55,50,5,0.02,0.1,0.2,2
1.49618,1.49618,3.793603941423046e-13,200,0.55,50,5,0.02,0.1,0.2,2
1.49618,1.49618,2.853969293710546e-13,200,0.55,50,5,0.02,0.1,0.2,2
1.49618,1.49618,2.1507343173802954e-13,200,0.55,50,5,0.02,0.1,0.2,2
1.49618,1.49618,1.543221789125153e-13,200,0.55,50,5,0.02,0.1,0.2,2
1.49618,1.49618,1.1307972855395618e-13,200,0.55,50,5,0.02,0.1,0.2,2
1.49618,1.49618,8.496251562718806e-14,200,0.55,50,5,0.02,0.1,0.2,2
1.49618,1.49618,6.240971626786236e-14,200,0.55,50,5,0.02,0.1,0.2,2
1.49618,1.49618,4.656106685017068e-14,200,0.55,50,5,0.02,0.1,0.2,2
1.49618,1.49618,3.644997529404453e-14,200,0.55,50,5,0.02,0.1,0.2,2
1.49618,1.49618,2.939179636018197e-14,200,0.55,50,5,0.02,0.1,0.2,2
1.49618,1.49618,2.332089016519488e-14,200,0.55,50,5,0.02,0.1,0.2,2
1.49618,1.49618,1.912420855164282e-14,200,0.55,50,5,0.02,0.1,0.2,2
1.49618,1.49618,1.4777819252933686e-14,200,0.55,50,5,0.02,0.1,0.2,2
1.49618,1.49618,1.206067008537219e-14,200,0.55,50,5,0.02,0.1,0.2,2
1.49618,1.49618,9.467902841891248e-15,200,0.55,50,5,0.02,0.1,0.2,2
1.49618,1.49618,7.275364559297565e-15,200,0.55,50,5,0.02,0.1,0.2,2
1.49618,1.49618,5.485115466720637e-15,200,0.55,50,5,0.02,0.1,0.2,2
1.49618,1.49618,4.6039374938578115e-15,200,0.55,50,5,0.02,0.1,0.2,2
1.49618,1.49618,3.844724463324759e-15,200,0.55,50,5,0.02,0.1,0.2,2
1.49618,1.49618,2.8862436679302663e-15,200,0.55,50,5,0.02,0.1,0.2,2
1.49618,1.49618,2.3917802444032456e-15,200,0.55,50,5,0.02,0.1,0.2,2
1.49618,1.49618,1.7850490210528097e-15,200,0.55,50,5,0.02,0.1,0.2,2
1.49618,1.49618,1.4187610719099494e-15,200,0.55,50,5,0.02,0.1,0.2,2
1.49618,1.49618,9.735208048370148e-16,200,0.55,50,5,0.02,0.1,0.2,2
1.49618,1.49618,7.533999743149658e-16,200,0.55,50,5,0.02,0.1,0.2,2
1.49618,1.49618,5.625367900926223e-16,200,0.55,50,5,0.02,0.1,0.2,2
1.49618,1.49618,3.5720628769024314e-16,200,0.55,50,5,0.02,0.1,0.2,2
1.49618,1.49618,2.716852935547088e-16,200,0.55,50,5,0.02,0.1,0.2,2
1.49618,1.49618,1.944889621255937e-16,200,0.55,50,5,0.02,0.1,0.2,2
1.49618,1.49618,1.2386574980485628e-16,200,0.55,50,5,0.02,0.1,0.2,2
1.49618,1.49618,8.077149035789003e-17,200,0.55,50,5,0.02,0.1,0.2,2
1.49618,1.49618,6.023918823692866e-17,200,0.55,50,5,0.02,0.1,0.2,2
1.49618,1.49618,4.3021703344651135e-17,200,0.55,50,5,0.02,0.1,0.2,2
1.49618,1.49618,3.3675376719698605e-17,200,0.55,50,5,0.02,0.1,0.2,2
1.49618,1.49618,2.222443895903976e-17,200,0.55,50,5,0.02,0.1,0.2,2
1.49618,1.49618,1.5871177225119723e-17,200,0.55,50,5,0.02,0.1,0.2,2
1.49618,1.49618,1.2060650856539386e-17,200,0.55,50,5,0.02,0.1,0.2,2
1.49618,1.49618,8.629476186918543e-18,200,0.55,50,5,0.02,0.1,0.2,2
1.49618,1.49618,5.630844810075392e-18,200,0.55,50,5,0.02,0.1,0.2,2
1.49618,1.49618,3.888129828564872e-18,200,0.55,50,5,0.02,0.1,0.2,2
1.49618,1.49618,2.8908699724798502e-18,200,0.55,50,5,0.02,0.1,0.2,2
1.49618,1.49618,2.076075880972188e-18,200,0.55,50,5,0.02,0.1,0.2,2
1.49618,1.49618,1.5445301209251317e-18,200,0.55,50,5,0.02,0.1,0.2,2
1.49618,1.49618,1.1289579242585943e-18,200,0.55,50,5,0.02,0.1,0.2,2
1.49618,1.49618,8.537762420633695e-19,200,0.55,50,5,0.02,0.1,0.2,2
1.49618,1.49618,6.573782298704327e-19,200,0.55,50,5,0.02,0.1,0.2,2
1.49618,1.49618,4.703227983710262e-19,200,0.55,50,5,0.02,0.1,0.2,2
1.49618,1.49618,3.5092670649236865e-19,200,0.55,50,5,0.02,0.1,0.2,2
1.49618,1.49618,2.6616335259583775e-19,200,0.55,50,5,0.02,0.1,0.2,2
1.49618,1.49618,2.0724696571879774e-19,200,0.55,50,5,0.02,0.1,0.2,2
1.49618,1.49618,1.6109578555714666e-19,200,0.55,50,5,0.02,0.1,0.2,2
1.49618,1.49618,1.259226338517315e-19,200,0.55,50,5,0.02,0.1,0.2,2
1.49618,1.49618,1.0539202861231785e-19,200,0.55,50,5,0.02,0.1,0.2,2
1.49618,1.49618,8.318038570535804e-20,200,0.55,50,5,0.02,0.1,0.2,2
1.49618,1.49618,6.765570056213803e-20,200,0.55,50,5,0.02,0.1,0.2,2
1.49618,1.49618,5.719612993485397e-20,200,0.55,50,5,0.02,0.1,0.2,2
1.49618,1.49618,4.687274962955913e-20,200,0.55,50,5,0.02,0.1,0.2,2
1.49618,1.49618,3.7247474490811405e-20,200,0.55,50,5,0.02,0.1,0.2,2
1.49618,1.49618,3.148841368793824e-20,200,0.55,50,5,0.02,0.1,0.2,2
1.49618,1.49618,2.388532637264962e-20,200,0.55,50,5,0.02,0.1,0.2,2
1.49618,1.49618,1.9051124443672887e-20,200,0.55,50,5,0.02,0.1,0.2,2
1.49618,1.49618,1.5812541980814348e-20,200,0.55,50,5,0.02,0.1,0.2,2
1.49618,1.49618,1.2575806962531158e-20,200,0.55,50,5,0.02,0.1,0.2,2
1.49618,1.49618,9.701304169026225e-21,200,0.55,50,5,0.02,0.1,0.2,2
1.49618,1.49618,8.232205058402255e-21,200,0.55,50,5,0.02,0.1,0.2,2
1.49618,1.49618,7.015255678578446e-21,200,0.55,50,5,0.02,0.1,0.2,2
1.49618,1.49618,5.7434242668373586e-21,200,0.55,50,5,0.02,0.1,0.2,2
1.49618,1.49618,4.470470300540448e-21,200,0.55,50,5,0.02,0.1,0.2,2
